-- ==========================
--    SCHEMAT SKRYPTU
-- =========================

-- -------------------------
-- Tworzenie bazy danych
-- -------------------------
USE master
GO

IF DB_ID('DDSession') IS NULL
CREATE DATABASE DDSession
GO

USE DDSession

-- ------------------------------------------------------
-- Usuwanie tabel (w odwrotnej kolejnoœci do tworzenia!)
-- ------------------------------------------------------
IF OBJECT_ID('dbo.Bounties','U') IS NOT NULL
	DROP TABLE dbo.Bounties

IF OBJECT_ID('dbo.Characters','U') IS NOT NULL
	DROP TABLE dbo.Characters

IF OBJECT_ID('dbo.Prizes','U') IS NOT NULL
	DROP TABLE dbo.Prizes

IF OBJECT_ID('dbo.Monsters','U') IS NOT NULL
	DROP TABLE dbo.Monsters
	
IF OBJECT_ID('dbo.Attributes','U') IS NOT NULL
	DROP TABLE dbo.Attributes

IF OBJECT_ID('dbo.BaseItems','U') IS NOT NULL
	DROP TABLE dbo.BaseItems

IF OBJECT_ID('dbo.Classes','U') IS NOT NULL
	DROP TABLE dbo.Classes

IF OBJECT_ID('dbo.EnemyType','U') IS NOT NULL
	DROP TABLE dbo.EnemyType

IF OBJECT_ID('dbo.Factions','U') IS NOT NULL
	DROP TABLE dbo.Factions

IF OBJECT_ID('dbo.Slots','U') IS NOT NULL
	DROP TABLE dbo.Slots
-- --------------------------------
-- Tworzenie tabel
-- --------------------------------
IF OBJECT_ID('dbo.Slots','U') IS NULL
CREATE TABLE dbo.Slots (
	Name VARCHAR(20) PRIMARY KEY NOT NULL)
GO

IF OBJECT_ID('dbo.Factions','U') IS NULL
CREATE TABLE dbo.Factions (
	Name VARCHAR(20) PRIMARY KEY NOT NULL)
GO

IF OBJECT_ID('dbo.EnemyType','U') IS NULL
CREATE TABLE dbo.EnemyType (
	--ID INT PRIMARY KEY IDENTITY(1,1),
	Name VARCHAR(20) PRIMARY KEY NOT NULL)
GO

IF OBJECT_ID('dbo.Classes','U') IS NULL
CREATE TABLE dbo.Classes (
	Name VARCHAR(20) PRIMARY KEY NOT NULL)
GO

IF OBJECT_ID('dbo.BaseItems','U') IS NULL
CREATE TABLE dbo.BaseItems (
	ID INT NOT NULL,
	Name VARCHAR(50) NOT NULL,
	Slot VARCHAR(20) NOT NULL,
	PRIMARY KEY (ID),
	CONSTRAINT FK_Slot FOREIGN KEY (Slot) REFERENCES dbo.Slots(Name))
GO

IF OBJECT_ID('dbo.Attributes','U') IS NULL
CREATE TABLE dbo.Attributes (
	ID INT PRIMARY KEY NOT NULL,
	Type Varchar(20) NOT NULL,
	Name VARCHAR(20) NOT NULL,
	Base Float NOT NULL,
	Descr VARCHAR(100) NOT NULL)
GO

IF OBJECT_ID('dbo.Monsters','U') IS NULL
CREATE TABLE dbo.Monsters (
	ID INT PRIMARY KEY NOT NULL,
	Name VARCHAR(50) UNIQUE NOT NULL,
	Faction VARCHAR(20) NOT NULL,
	Type VARCHAR(20) NOT NULL,
	CONSTRAINT FK_Faction FOREIGN KEY (Faction) REFERENCES dbo.Factions(Name),
	CONSTRAINT FK_Type FOREIGN KEY (Type) REFERENCES dbo.EnemyType(Name))
GO

IF OBJECT_ID('dbo.Prizes','U') IS NULL
CREATE TABLE dbo.Prizes (
	ID INT PRIMARY KEY NOT NULL,
	Prefix INT NOT NULL,
	Namee INT NOT NULL,
	Suffix INT NOT NULL,
	[Item Level] INT NOT NULL,
	Slot varchar(20) NOT NULL,
	Owner INT,
	CONSTRAINT FK_Prefix FOREIGN KEY (Prefix) REFERENCES dbo.Attributes(ID),
	CONSTRAINT FK_Suffix FOREIGN KEY (Suffix) REFERENCES dbo.Attributes(ID),
	CONSTRAINT FK_Name FOREIGN KEY (Namee) REFERENCES dbo.BaseItems(ID),
	CONSTRAINT FK_Slot_Pr FOREIGN KEY (Slot) REFERENCES dbo.Slots(Name))
GO

IF OBJECT_ID('dbo.Characters','U') IS NULL
CREATE TABLE dbo.Characters (
	ID INT PRIMARY KEY NOT NULL,
	Name VARCHAR(100) NOT NULL,
	Class VARCHAR(20) NOT NULL,
	Level INT DEFAULT 1 NOT NULL,
	WEAPON INT,
	OFFHAND INT,
	HEAD INT,
	SHOULDERS INT,
	CHEST INT,
	HANDS INT,
	FEET INT,
	LEGS INT
	CONSTRAINT FK_Class FOREIGN KEY (Class) REFERENCES dbo.Classes(Name),
	CONSTRAINT FK_WEAPON FOREIGN KEY (WEAPON) REFERENCES dbo.Prizes(ID),
	CONSTRAINT FK_OFFHAND FOREIGN KEY (OFFHAND) REFERENCES dbo.Prizes(ID),
	CONSTRAINT FK_HEAD FOREIGN KEY (HEAD) REFERENCES dbo.Prizes(ID),
	CONSTRAINT FK_SHOULDERS FOREIGN KEY (SHOULDERS) REFERENCES dbo.Prizes(ID),
	CONSTRAINT FK_CHEST FOREIGN KEY (CHEST) REFERENCES dbo.Prizes(ID),
	CONSTRAINT FK_HANDS FOREIGN KEY (HANDS) REFERENCES dbo.Prizes(ID),
	CONSTRAINT FK_FEET FOREIGN KEY (FEET) REFERENCES dbo.Prizes(ID),
	CONSTRAINT FK_LEGS FOREIGN KEY (LEGS) REFERENCES dbo.Prizes(ID))
GO

IF OBJECT_ID('dbo.Bounties','U') IS NULL
CREATE TABLE dbo.Bounties (
	ID INT PRIMARY KEY IDENTITY(1,1),
	Goal INT NOT NULL,
	Enemy VARCHAR(50) NOT NULL,
	Difficulty VARCHAR(20) NOT NULL,
	Prize INT NOT NULL,
	Assigned INT,
	CONSTRAINT FK_Enemy FOREIGN KEY (Enemy) REFERENCES dbo.Monsters(Name),
	CONSTRAINT FK_Difficulty FOREIGN KEY (Difficulty) REFERENCES dbo.EnemyType(Name),
	CONSTRAINT FK_Prize FOREIGN KEY (Prize) REFERENCES dbo.Prizes(ID),
	CONSTRAINT FK_Character FOREIGN KEY (Assigned) REFERENCES dbo.Characters(ID))
GO
-- ---------------------------------
-- Wstawianie wartoœci do tabel
-- ---------------------------------

INSERT INTO dbo.EnemyType VALUES ('COMMON');
INSERT INTO dbo.EnemyType VALUES ('HERO');
INSERT INTO dbo.EnemyType VALUES ('BOSS');
INSERT INTO dbo.EnemyType VALUES ('NEMESIS');

INSERT INTO dbo.Factions VALUES ('Aether Corruptions');
INSERT INTO dbo.Factions VALUES ('Aetherials');
INSERT INTO dbo.Factions VALUES ('Beasts');
INSERT INTO dbo.Factions VALUES ('Chthonics');
INSERT INTO dbo.Factions VALUES ('Eldritch');
INSERT INTO dbo.Factions VALUES ('Humans');
INSERT INTO dbo.Factions VALUES ('Undead');

INSERT INTO dbo.Monsters VALUES (0,'Aetherial Bloater','Aether Corruptions','Common');
INSERT INTO dbo.Monsters VALUES (1,'Aetherial Bloatworm','Aether Corruptions','Common');
INSERT INTO dbo.Monsters VALUES (2,'Aetherial Guardian','Aether Corruptions','Common');
INSERT INTO dbo.Monsters VALUES (3,'Aetherial Gutburrower','Aether Corruptions','Hero');
INSERT INTO dbo.Monsters VALUES (4,'Corruption','Aether Corruptions','Boss');
INSERT INTO dbo.Monsters VALUES (5,'Fleshwarped Corruption','Aether Corruptions','Common');
INSERT INTO dbo.Monsters VALUES (6,'Fleshwarped Manticore','Aether Corruptions','Common');
INSERT INTO dbo.Monsters VALUES (7,'Fleshwarped Troll','Aether Corruptions','Common');
INSERT INTO dbo.Monsters VALUES (8,'Haunted Scarecrow','Aether Corruptions','Common');
INSERT INTO dbo.Monsters VALUES (9,'Obsidian Anomaly','Aether Corruptions','Common');
INSERT INTO dbo.Monsters VALUES (10,'Plague Walker','Aether Corruptions','Common');
INSERT INTO dbo.Monsters VALUES (11,'Rotting Soldier','Aether Corruptions','Common');
INSERT INTO dbo.Monsters VALUES (12,'Tainted Hound','Aether Corruptions','Common');
INSERT INTO dbo.Monsters VALUES (13,'Tainted Pack Leader','Aether Corruptions','Common');
INSERT INTO dbo.Monsters VALUES (14,'Walking Dead','Aether Corruptions','Common');
INSERT INTO dbo.Monsters VALUES (15,'Wretcher','Aether Corruptions','Common');
INSERT INTO dbo.Monsters VALUES (16,'Aetherial Crawler','Aetherials','Boss');
INSERT INTO dbo.Monsters VALUES (17,'Aetherial Scamp','Aetherials','Hero');
INSERT INTO dbo.Monsters VALUES (18,'Ascended Attendant','Aetherials','Hero');
INSERT INTO dbo.Monsters VALUES (19,'Possessed Apprentice','Aetherials','Common');
INSERT INTO dbo.Monsters VALUES (20,'Possessed Arcanist','Aetherials','Hero');
INSERT INTO dbo.Monsters VALUES (21,'Arkovian Rocktalon','Beasts','Common');
INSERT INTO dbo.Monsters VALUES (22,'Boneback','Beasts','Hero');
INSERT INTO dbo.Monsters VALUES (23,'Boneback Gnasher','Beasts','Common');
INSERT INTO dbo.Monsters VALUES (24,'Chilltusk','Beasts','Common');
INSERT INTO dbo.Monsters VALUES (25,'Eldritch Alpha','Beasts','Common');
INSERT INTO dbo.Monsters VALUES (26,'Eldritch Hound','Beasts','Hero');
INSERT INTO dbo.Monsters VALUES (27,'Eldritch Mongrel','Beasts','Boss');
INSERT INTO dbo.Monsters VALUES (28,'Frenzied Plaguebeast','Beasts','Hero');
INSERT INTO dbo.Monsters VALUES (29,'Frenzied Scavenger','Beasts','Common');
INSERT INTO dbo.Monsters VALUES (30,'Gargantuan Chilltusk','Beasts','Hero');
INSERT INTO dbo.Monsters VALUES (31,'Gargantuan Stonetusk','Beasts','Common');
INSERT INTO dbo.Monsters VALUES (32,'Groble ~ Snake Clan Scavenger','Beasts','Hero');
INSERT INTO dbo.Monsters VALUES (33,'Groble ~ Snake Clan Tracker','Beasts','Common');
INSERT INTO dbo.Monsters VALUES (34,'Haunted Crab','Beasts','Hero');
INSERT INTO dbo.Monsters VALUES (35,'Haunted Spikeshell','Beasts','Common');
INSERT INTO dbo.Monsters VALUES (36,'Juvenile Basilisk','Beasts','Common');
INSERT INTO dbo.Monsters VALUES (37,'Manticore Blackmane','Beasts','Hero');
INSERT INTO dbo.Monsters VALUES (38,'Manticore Whitemane','Beasts','Common');
INSERT INTO dbo.Monsters VALUES (39,'Mogdrogen''s Boneback','Beasts','Boss');
INSERT INTO dbo.Monsters VALUES (40,'Scavenger','Beasts','Common');
INSERT INTO dbo.Monsters VALUES (41,'Stonetusk','Beasts','Nemesis');
INSERT INTO dbo.Monsters VALUES (42,'Ugdenbog Crab','Beasts','Hero');
INSERT INTO dbo.Monsters VALUES (43,'Ugdenbog Crabling','Beasts','Common');
INSERT INTO dbo.Monsters VALUES (44,'Ugdenbog Pitcreeper','Beasts','Hero');
INSERT INTO dbo.Monsters VALUES (45,'Ugdenbog Spikeshell','Beasts','Common');
INSERT INTO dbo.Monsters VALUES (46,'Wendigo','Beasts','Common');
INSERT INTO dbo.Monsters VALUES (47,'Winged Horror','Beasts','Nemesis');
INSERT INTO dbo.Monsters VALUES (48,'Chthonian Hungerer','Chthonics','Boss');
INSERT INTO dbo.Monsters VALUES (49,'Chthonian Swarmer','Chthonics','Common');
INSERT INTO dbo.Monsters VALUES (50,'Chthonian Vanguard','Chthonics','Common');
INSERT INTO dbo.Monsters VALUES (51,'Obsidian Cluster','Chthonics','Common');
INSERT INTO dbo.Monsters VALUES (52,'Obsidian Shard','Chthonics','Hero');
INSERT INTO dbo.Monsters VALUES (53,'Void Parasite','Chthonics','Boss');
INSERT INTO dbo.Monsters VALUES (54,'Void Rylok','Chthonics','Hero');
INSERT INTO dbo.Monsters VALUES (55,'Voidfiend','Chthonics','Boss');
INSERT INTO dbo.Monsters VALUES (56,'Voidlurker','Chthonics','Common');
INSERT INTO dbo.Monsters VALUES (57,'Writhing Tentacle','Chthonics','Hero');
INSERT INTO dbo.Monsters VALUES (58,'Blade Spirit','Eldritch','Common');
INSERT INTO dbo.Monsters VALUES (59,'Carnivorous Plant','Eldritch','Boss');
INSERT INTO dbo.Monsters VALUES (60,'Eldritch Arachnid','Eldritch','Common');
INSERT INTO dbo.Monsters VALUES (61,'Eldritch Crawler','Eldritch','Boss');
INSERT INTO dbo.Monsters VALUES (62,'Eldritch Swarmer','Eldritch','Common');
INSERT INTO dbo.Monsters VALUES (63,'Entropic Void','Eldritch','Common');
INSERT INTO dbo.Monsters VALUES (64,'Great Raven','Eldritch','Nemesis');
INSERT INTO dbo.Monsters VALUES (65,'Hellhound','Eldritch','Common');
INSERT INTO dbo.Monsters VALUES (66,'Hellspawn','Eldritch','Boss');
INSERT INTO dbo.Monsters VALUES (67,'Nightmare Crawler','Eldritch','Nemesis');
INSERT INTO dbo.Monsters VALUES (68,'Obsidian Pylon','Eldritch','Common');
INSERT INTO dbo.Monsters VALUES (69,'Poisonous Bloom','Eldritch','Common');
INSERT INTO dbo.Monsters VALUES (70,'Raven','Eldritch','Boss');
INSERT INTO dbo.Monsters VALUES (71,'Sentinel''s Beacon','Eldritch','Boss');
INSERT INTO dbo.Monsters VALUES (72,'Wind Devil','Eldritch','Boss');
INSERT INTO dbo.Monsters VALUES (73,'Convict ~ Gunman','Humans','Hero');
INSERT INTO dbo.Monsters VALUES (74,'Convict ~ Lackey','Humans','Hero');
INSERT INTO dbo.Monsters VALUES (75,'Convict ~ Thug','Humans','Hero');
INSERT INTO dbo.Monsters VALUES (76,'Cronley''s Gang ~ Chosen','Humans','Common');
INSERT INTO dbo.Monsters VALUES (77,'Cronley''s Gang ~ Gunman','Humans','Hero');
INSERT INTO dbo.Monsters VALUES (78,'Cronley''s Gang ~ Lackey','Humans','Common');
INSERT INTO dbo.Monsters VALUES (79,'Cronley''s Gang ~ Thug','Humans','Hero');
INSERT INTO dbo.Monsters VALUES (80,'Cult of the Wendigo ~ Aspirant','Humans','Common');
INSERT INTO dbo.Monsters VALUES (81,'Death''s Vigil ~ Neophyte','Humans','Common');
INSERT INTO dbo.Monsters VALUES (82,'Kymon''s Chosen ~ Zealot','Humans','Hero');
INSERT INTO dbo.Monsters VALUES (83,'Ugdenbog Cannibal ~ Fleshcrazed','Humans','Hero');
INSERT INTO dbo.Monsters VALUES (84,'Ugdenbog Turned','Humans','Common');
INSERT INTO dbo.Monsters VALUES (85,'Ugdenbog Wretch','Humans','Hero');
INSERT INTO dbo.Monsters VALUES (86,'Apparition','Undead','Common');
INSERT INTO dbo.Monsters VALUES (87,'Ghoul','Undead','Common');
INSERT INTO dbo.Monsters VALUES (88,'Robert','Undead','Common');
INSERT INTO dbo.Monsters VALUES (89,'Rockford','Undead','Common');
INSERT INTO dbo.Monsters VALUES (90,'Ryan','Undead','Common');
INSERT INTO dbo.Monsters VALUES (91,'Silvie','Humans','Nemesis');
INSERT INTO dbo.Monsters VALUES (92,'Skeletal Archer','Undead','Common');
INSERT INTO dbo.Monsters VALUES (93,'Skeletal Warrior','Undead','Common');
INSERT INTO dbo.Monsters VALUES (94,'Vile Soul','Undead','Common');
INSERT INTO dbo.Monsters VALUES (95,'Wraith','Undead','Hero');
INSERT INTO dbo.Monsters VALUES (96,'Abner, the Forsaken One','Aether Corruptions','Common');
INSERT INTO dbo.Monsters VALUES (97,'Aetheros','Aether Corruptions','Nemesis');
INSERT INTO dbo.Monsters VALUES (98,'Aethoran, the Plaguebearer ~ Diseased','Aether Corruptions','Common');
INSERT INTO dbo.Monsters VALUES (99,'Agalgaraz','Aether Corruptions','Common');
INSERT INTO dbo.Monsters VALUES (100,'Aldanar, the Undying','Aether Corruptions','Hero');
INSERT INTO dbo.Monsters VALUES (101,'Alrick Magefire','Aether Corruptions','Common');
INSERT INTO dbo.Monsters VALUES (102,'Archanis ~ Arcane','Aether Corruptions','Hero');
INSERT INTO dbo.Monsters VALUES (103,'Asper ~ Swift','Aether Corruptions','Common');
INSERT INTO dbo.Monsters VALUES (104,'Azgalogg, the Corruptor ~ Defender','Aether Corruptions','Common');
INSERT INTO dbo.Monsters VALUES (105,'Balgargol the Plaguebearer','Aether Corruptions','Hero');
INSERT INTO dbo.Monsters VALUES (106,'Ballior ~ Burning','Aether Corruptions','Common');
INSERT INTO dbo.Monsters VALUES (107,'Balros, the Malformed','Aether Corruptions','Hero');
INSERT INTO dbo.Monsters VALUES (108,'Bane''Zal, the Hellborn','Aether Corruptions','Boss');
INSERT INTO dbo.Monsters VALUES (109,'Barrog, the Bloodied','Aether Corruptions','Hero');
INSERT INTO dbo.Monsters VALUES (110,'Barrostrandt, the Ascended','Aether Corruptions','Hero');
INSERT INTO dbo.Monsters VALUES (111,'Beholdan ~ Reflective','Aether Corruptions','Nemesis');
INSERT INTO dbo.Monsters VALUES (112,'Blazragarus','Aether Corruptions','Hero');
INSERT INTO dbo.Monsters VALUES (113,'Blightfeast ~ Charger','Aether Corruptions','Hero');
INSERT INTO dbo.Monsters VALUES (114,'Bloodhowl ~ Regenerator','Aether Corruptions','Boss');
INSERT INTO dbo.Monsters VALUES (115,'Bluggraag Blazebarf','Aether Corruptions','Common');
INSERT INTO dbo.Monsters VALUES (116,'Bolvaris, the Glacierborn','Aether Corruptions','Common');
INSERT INTO dbo.Monsters VALUES (117,'Bonebreaker','Aether Corruptions','Common');
INSERT INTO dbo.Monsters VALUES (118,'Caladrak ~ Unstoppable','Aether Corruptions','Nemesis');
INSERT INTO dbo.Monsters VALUES (119,'Challdrus the Coldheart','Aether Corruptions','Common');
INSERT INTO dbo.Monsters VALUES (120,'Chilldread','Aether Corruptions','Boss');
INSERT INTO dbo.Monsters VALUES (121,'Chromallus ~ Timewarped','Aether Corruptions','Boss');
INSERT INTO dbo.Monsters VALUES (122,'Corpsefire ~ Reflective','Aether Corruptions','Common');
INSERT INTO dbo.Monsters VALUES (123,'Corruptis','Aether Corruptions','Nemesis');
INSERT INTO dbo.Monsters VALUES (124,'Crimson Bane','Aether Corruptions','Hero');
INSERT INTO dbo.Monsters VALUES (125,'Crognoth, the Blazing Vanguard','Aether Corruptions','Common');
INSERT INTO dbo.Monsters VALUES (126,'Crowfiend ~ Bruiser','Aether Corruptions','Common');
INSERT INTO dbo.Monsters VALUES (127,'Darlax, Devourer of Dreams','Aether Corruptions','Boss');
INSERT INTO dbo.Monsters VALUES (128,'Disallus ~ Diseased','Aether Corruptions','Hero');
INSERT INTO dbo.Monsters VALUES (129,'Effigus, the Infested','Aether Corruptions','Common');
INSERT INTO dbo.Monsters VALUES (130,'Embrallis ~ Burning','Aether Corruptions','Boss');
INSERT INTO dbo.Monsters VALUES (131,'Faldonir Aetherborn','Aether Corruptions','Hero');
INSERT INTO dbo.Monsters VALUES (132,'Faldrak ~ Reflective','Aether Corruptions','Hero');
INSERT INTO dbo.Monsters VALUES (133,'Farros, the Rotted','Aether Corruptions','Common');
INSERT INTO dbo.Monsters VALUES (134,'Festerlis ~ Bruiser','Aether Corruptions','Boss');
INSERT INTO dbo.Monsters VALUES (135,'Fleshshaper Igilvur','Aether Corruptions','Hero');
INSERT INTO dbo.Monsters VALUES (136,'Fragh ~ Frozen','Aether Corruptions','Hero');
INSERT INTO dbo.Monsters VALUES (137,'Frenazad ~ Burning','Aether Corruptions','Common');
INSERT INTO dbo.Monsters VALUES (138,'Furz Venomdrinker ~ Supporter','Aether Corruptions','Hero');
INSERT INTO dbo.Monsters VALUES (139,'Garminix ~ Regenerator','Aether Corruptions','Boss');
INSERT INTO dbo.Monsters VALUES (140,'Gastris, the Foul','Aether Corruptions','Hero');
INSERT INTO dbo.Monsters VALUES (141,'Gethrand, the Betrayed','Aether Corruptions','Hero');
INSERT INTO dbo.Monsters VALUES (142,'Gilisten, the Reborn','Aether Corruptions','Boss');
INSERT INTO dbo.Monsters VALUES (143,'Gollorg, the Undiminished ~ Unstoppable','Aether Corruptions','Hero');
INSERT INTO dbo.Monsters VALUES (144,'Gornax, the Nightmare','Aether Corruptions','Hero');
INSERT INTO dbo.Monsters VALUES (145,'Gutripper ~ Unstoppable','Aether Corruptions','Common');
INSERT INTO dbo.Monsters VALUES (146,'Hagra, the Tormented','Aether Corruptions','Hero');
INSERT INTO dbo.Monsters VALUES (147,'Hauldros the Burningbile','Aether Corruptions','Common');
INSERT INTO dbo.Monsters VALUES (148,'Horcris, the Terror','Aether Corruptions','Hero');
INSERT INTO dbo.Monsters VALUES (149,'Hungeron ~ Vampiric','Aether Corruptions','Hero');
INSERT INTO dbo.Monsters VALUES (150,'Illumin ~ Electrified','Aether Corruptions','Boss');
INSERT INTO dbo.Monsters VALUES (151,'Jillius, the Decayed','Aether Corruptions','Common');
INSERT INTO dbo.Monsters VALUES (152,'Joxallus ~ Electrified','Aether Corruptions','Boss');
INSERT INTO dbo.Monsters VALUES (153,'Malnotris ~ Unstoppable','Aether Corruptions','Hero');
INSERT INTO dbo.Monsters VALUES (154,'Mesmer','Aether Corruptions','Common');
INSERT INTO dbo.Monsters VALUES (155,'Milton Hart','Aether Corruptions','Hero');
INSERT INTO dbo.Monsters VALUES (156,'Nalloth, the Frostbound','Aether Corruptions','Hero');
INSERT INTO dbo.Monsters VALUES (157,'Narroth, the Behemoth','Aether Corruptions','Hero');
INSERT INTO dbo.Monsters VALUES (158,'Nazagrad, the Fallen','Aether Corruptions','Hero');
INSERT INTO dbo.Monsters VALUES (159,'Neegan, the Withered','Aether Corruptions','Boss');
INSERT INTO dbo.Monsters VALUES (160,'Nemedian, the Reaper','Aether Corruptions','Boss');
INSERT INTO dbo.Monsters VALUES (161,'Noxraderad ~ Frozen','Aether Corruptions','Hero');
INSERT INTO dbo.Monsters VALUES (162,'Oppressius ~ Unstoppable','Aether Corruptions','Common');
INSERT INTO dbo.Monsters VALUES (163,'Phabius','Aether Corruptions','Boss');
INSERT INTO dbo.Monsters VALUES (164,'Sharn, the Cursed','Aether Corruptions','Nemesis');
INSERT INTO dbo.Monsters VALUES (165,'Stormfist ~ Electrified','Aether Corruptions','Hero');
INSERT INTO dbo.Monsters VALUES (166,'Stormtitan','Aether Corruptions','Hero');
INSERT INTO dbo.Monsters VALUES (167,'Sulkarr, the Stormtouched','Aether Corruptions','Hero');
INSERT INTO dbo.Monsters VALUES (168,'Teselon ~ Electrified','Aether Corruptions','Common');
INSERT INTO dbo.Monsters VALUES (169,'Theodin''s Creation','Aether Corruptions','Hero');
INSERT INTO dbo.Monsters VALUES (170,'Vanallius the Voracious','Aether Corruptions','Boss');
INSERT INTO dbo.Monsters VALUES (171,'Vanoxxis Bile','Aether Corruptions','Boss');
INSERT INTO dbo.Monsters VALUES (172,'Verkazol ~ Vampiric','Aether Corruptions','Common');
INSERT INTO dbo.Monsters VALUES (173,'Zanbrandt, the Ascended','Aether Corruptions','Common');
INSERT INTO dbo.Monsters VALUES (174,'The Bruiser Romanov','Aetherials','Common');
INSERT INTO dbo.Monsters VALUES (175,'Aetherblaze','Aetherials','Nemesis');
INSERT INTO dbo.Monsters VALUES (176,'Allara Starfire','Aetherials','Hero');
INSERT INTO dbo.Monsters VALUES (177,'Archivist Thelon','Aetherials','Common');
INSERT INTO dbo.Monsters VALUES (178,'Azar, the Wrathful','Aetherials','Boss');
INSERT INTO dbo.Monsters VALUES (179,'Conastaria','Aetherials','Hero');
INSERT INTO dbo.Monsters VALUES (180,'Corpusia ~ Reflective','Aetherials','Common');
INSERT INTO dbo.Monsters VALUES (181,'Eldon Snakeskin ~ Regenerator','Aetherials','Common');
INSERT INTO dbo.Monsters VALUES (182,'Espiria ~ Supporter','Aetherials','Hero');
INSERT INTO dbo.Monsters VALUES (183,'Ghalbar ~ Regenerator','Aetherials','Hero');
INSERT INTO dbo.Monsters VALUES (184,'Hagras Aetherflame','Aetherials','Hero');
INSERT INTO dbo.Monsters VALUES (185,'Halvastra Wrathfire','Aetherials','Nemesis');
INSERT INTO dbo.Monsters VALUES (186,'Intesius','Aetherials','Hero');
INSERT INTO dbo.Monsters VALUES (187,'Kamladris, the Rimeheart','Aetherials','Common');
INSERT INTO dbo.Monsters VALUES (188,'Loxmere Nightmage','Aetherials','Hero');
INSERT INTO dbo.Monsters VALUES (189,'Ludia Starfire','Aetherials','Common');
INSERT INTO dbo.Monsters VALUES (190,'Meric Aether-Touched ~ Charger','Aetherials','Hero');
INSERT INTO dbo.Monsters VALUES (191,'Mondrak, the Everburning','Aetherials','Hero');
INSERT INTO dbo.Monsters VALUES (192,'Ounasteria Stormtouch ~ Electrified','Aetherials','Hero');
INSERT INTO dbo.Monsters VALUES (193,'Padmanestia','Aetherials','Hero');
INSERT INTO dbo.Monsters VALUES (194,'Pavros Undylon, Flamespeaker','Aetherials','Boss');
INSERT INTO dbo.Monsters VALUES (195,'Phanolg the Iceborn','Aetherials','Boss');
INSERT INTO dbo.Monsters VALUES (196,'Phigillius Stormbile','Aetherials','Common');
INSERT INTO dbo.Monsters VALUES (197,'Rostov, the Aetherflame','Aetherials','Common');
INSERT INTO dbo.Monsters VALUES (198,'Torraxsteria','Aetherials','Boss');
INSERT INTO dbo.Monsters VALUES (199,'Ullana Everfreeze ~ Frozen','Aetherials','Common');
INSERT INTO dbo.Monsters VALUES (200,'Wourble ~ Reflective','Aetherials','Nemesis');
INSERT INTO dbo.Monsters VALUES (201,'Aetherean ~ Corrupted','Beasts','Hero');
INSERT INTO dbo.Monsters VALUES (202,'Aethermane ~ Corrupted','Beasts','Boss');
INSERT INTO dbo.Monsters VALUES (203,'Anaxius ~ Corrupted','Beasts','Boss');
INSERT INTO dbo.Monsters VALUES (204,'Ar''kall, the Black Heart','Beasts','Common');
INSERT INTO dbo.Monsters VALUES (205,'Aregos ~ Corrupted','Beasts','Hero');
INSERT INTO dbo.Monsters VALUES (206,'Bilewart ~ Swift','Beasts','Common');
INSERT INTO dbo.Monsters VALUES (207,'Blazara Firemane','Beasts','Boss');
INSERT INTO dbo.Monsters VALUES (208,'Bloodclaw','Beasts','Hero');
INSERT INTO dbo.Monsters VALUES (209,'Bonechill','Beasts','Common');
INSERT INTO dbo.Monsters VALUES (210,'Bonegnash','Beasts','Common');
INSERT INTO dbo.Monsters VALUES (211,'Chaosshell ~ Voidtouched','Beasts','Boss');
INSERT INTO dbo.Monsters VALUES (212,'Chillblood ~ Regenerator','Beasts','Hero');
INSERT INTO dbo.Monsters VALUES (213,'Chillpincer','Beasts','Boss');
INSERT INTO dbo.Monsters VALUES (214,'Corrupshell ~ Corrupted','Beasts','Common');
INSERT INTO dbo.Monsters VALUES (215,'Crimsontail ~ Supporter','Beasts','Hero');
INSERT INTO dbo.Monsters VALUES (216,'Dreadtusk, the Hunter''s Bane','Beasts','Hero');
INSERT INTO dbo.Monsters VALUES (217,'Ernol Carrioneater ~ Diseased','Beasts','Hero');
INSERT INTO dbo.Monsters VALUES (218,'Foll the Burningshell','Beasts','Hero');
INSERT INTO dbo.Monsters VALUES (219,'Goll the Stormshell','Beasts','Hero');
INSERT INTO dbo.Monsters VALUES (220,'Harrowbeak ~ Unstoppable','Beasts','Common');
INSERT INTO dbo.Monsters VALUES (221,'Hellmane ~ Burning','Beasts','Common');
INSERT INTO dbo.Monsters VALUES (222,'Iceskorn','Beasts','Boss');
INSERT INTO dbo.Monsters VALUES (223,'Icesnap','Beasts','Boss');
INSERT INTO dbo.Monsters VALUES (224,'Maledictus','Beasts','Common');
INSERT INTO dbo.Monsters VALUES (225,'Mallus ~ Corrupted','Beasts','Hero');
INSERT INTO dbo.Monsters VALUES (226,'Mudflinger ~ Reflective','Beasts','Common');
INSERT INTO dbo.Monsters VALUES (227,'Mudrock ~ Defender','Beasts','Hero');
INSERT INTO dbo.Monsters VALUES (228,'Mutallor ~ Regenerator','Beasts','Common');
INSERT INTO dbo.Monsters VALUES (229,'Neleron, the Eyes of Death','Beasts','Hero');
INSERT INTO dbo.Monsters VALUES (230,'Ragesnout ~ Swift','Beasts','Common');
INSERT INTO dbo.Monsters VALUES (231,'Ranaxus ~ Voidtouched','Beasts','Hero');
INSERT INTO dbo.Monsters VALUES (232,'Rav ~ Voidtouched','Beasts','Hero');
INSERT INTO dbo.Monsters VALUES (233,'Ravagrad ~ Unstoppable','Beasts','Nemesis');
INSERT INTO dbo.Monsters VALUES (234,'Raxa, the Jade Huntress','Beasts','Boss');
INSERT INTO dbo.Monsters VALUES (235,'Razorback','Beasts','Hero');
INSERT INTO dbo.Monsters VALUES (236,'Riftsnout ~ Voidtouched','Beasts','Common');
INSERT INTO dbo.Monsters VALUES (237,'Rimeclaw ~ Frozen','Beasts','Boss');
INSERT INTO dbo.Monsters VALUES (238,'Rotbite ~ Diseased','Beasts','Hero');
INSERT INTO dbo.Monsters VALUES (239,'Rotblood ~ Vampiric','Beasts','Boss');
INSERT INTO dbo.Monsters VALUES (240,'Rotmane ~ Diseased','Beasts','Common');
INSERT INTO dbo.Monsters VALUES (241,'Rotmouth','Beasts','Hero');
INSERT INTO dbo.Monsters VALUES (242,'Rotspew','Beasts','Boss');
INSERT INTO dbo.Monsters VALUES (243,'Scarsnout, the Cannibal','Beasts','Hero');
INSERT INTO dbo.Monsters VALUES (244,'Sllancar the Tainted','Beasts','Boss');
INSERT INTO dbo.Monsters VALUES (245,'Stonemane ~ Defender','Beasts','Hero');
INSERT INTO dbo.Monsters VALUES (246,'Stormslither','Beasts','Boss');
INSERT INTO dbo.Monsters VALUES (247,'Uroxis Swiftclaw ~ Swift','Beasts','Common');
INSERT INTO dbo.Monsters VALUES (248,'Vagarroth the Insatiable','Beasts','Common');
INSERT INTO dbo.Monsters VALUES (249,'Vileclaw','Beasts','Boss');
INSERT INTO dbo.Monsters VALUES (250,'Vollarius ~ Arcane','Beasts','Hero');
INSERT INTO dbo.Monsters VALUES (251,'Waraplius ~ Timewarped','Beasts','Common');
INSERT INTO dbo.Monsters VALUES (252,'Waroxis Crimsonclaw ~ Bruiser','Beasts','Boss');
INSERT INTO dbo.Monsters VALUES (253,'Whitemane, the Thunderstruck','Beasts','Common');
INSERT INTO dbo.Monsters VALUES (254,'Wrathclaw ~ Corrupted','Beasts','Boss');
INSERT INTO dbo.Monsters VALUES (255,'Wrathtalon ~ Corrupted','Beasts','Common');
INSERT INTO dbo.Monsters VALUES (256,'Yoknar','Beasts','Boss');
INSERT INTO dbo.Monsters VALUES (257,'Ch''thallis, the Usurper','Chthonics','Common');
INSERT INTO dbo.Monsters VALUES (258,'Chthonian Unraveler','Chthonics','Common');
INSERT INTO dbo.Monsters VALUES (259,'Dar''Vagol the Mageclaw','Chthonics','Common');
INSERT INTO dbo.Monsters VALUES (260,'Drygol''Ukog ~ Charger','Chthonics','Hero');
INSERT INTO dbo.Monsters VALUES (261,'Ekket''Anatu','Chthonics','Boss');
INSERT INTO dbo.Monsters VALUES (262,'Fos''Daroth','Chthonics','Common');
INSERT INTO dbo.Monsters VALUES (263,'Galar''Bargok, the Black Fiend','Chthonics','Hero');
INSERT INTO dbo.Monsters VALUES (264,'Gawok''Mal ~ Electrified','Chthonics','Boss');
INSERT INTO dbo.Monsters VALUES (265,'Gawtok''Anatu','Chthonics','Boss');
INSERT INTO dbo.Monsters VALUES (266,'Gluttrius''Maw','Chthonics','Common');
INSERT INTO dbo.Monsters VALUES (267,'Harak''Bargoth, Guardian of the Bastion','Chthonics','Hero');
INSERT INTO dbo.Monsters VALUES (268,'Haval''Aldos ~ Arcane','Chthonics','Common');
INSERT INTO dbo.Monsters VALUES (269,'Innu''Garbal','Chthonics','Hero');
INSERT INTO dbo.Monsters VALUES (270,'Innugaru, Terror of the Void','Chthonics','Nemesis');
INSERT INTO dbo.Monsters VALUES (271,'Jugak''Siin ~ Reflective','Chthonics','Common');
INSERT INTO dbo.Monsters VALUES (272,'Kelphat''Idoth ~ Electrified','Chthonics','Hero');
INSERT INTO dbo.Monsters VALUES (273,'Loghorrean''s Vanguard','Chthonics','Hero');
INSERT INTO dbo.Monsters VALUES (274,'Luthus''Balok','Chthonics','Boss');
INSERT INTO dbo.Monsters VALUES (275,'Metasis''Mal the Mageblood','Chthonics','Common');
INSERT INTO dbo.Monsters VALUES (276,'Narl''Maash, the Engorged','Chthonics','Boss');
INSERT INTO dbo.Monsters VALUES (277,'Narl''Sarroth','Chthonics','Hero');
INSERT INTO dbo.Monsters VALUES (278,'Nii''Thel ~ Bruiser','Chthonics','Nemesis');
INSERT INTO dbo.Monsters VALUES (279,'Nucus''Dal','Chthonics','Boss');
INSERT INTO dbo.Monsters VALUES (280,'Nur''Garu, Jaws of Oblivion','Chthonics','Hero');
INSERT INTO dbo.Monsters VALUES (281,'Nye''Kazul, the Maw of Fire','Chthonics','Hero');
INSERT INTO dbo.Monsters VALUES (282,'Obsidius, the Titan','Chthonics','Hero');
INSERT INTO dbo.Monsters VALUES (283,'Odus''Aldos ~ Swift','Chthonics','Common');
INSERT INTO dbo.Monsters VALUES (284,'Olithot''Mal the Tormentor','Chthonics','Boss');
INSERT INTO dbo.Monsters VALUES (285,'Ordran''Daroth','Chthonics','Common');
INSERT INTO dbo.Monsters VALUES (286,'Orudin''Idoth ~ Frozen','Chthonics','Hero');
INSERT INTO dbo.Monsters VALUES (287,'Pulv''Daroth','Chthonics','Hero');
INSERT INTO dbo.Monsters VALUES (288,'Rhidal''Gulvor the Stormblood','Chthonics','Hero');
INSERT INTO dbo.Monsters VALUES (289,'Rydal''Aldos ~ Vampiric','Chthonics','Hero');
INSERT INTO dbo.Monsters VALUES (290,'Sargo''Din, the Hungering Maw','Chthonics','Hero');
INSERT INTO dbo.Monsters VALUES (291,'Sarmaz''Din ~ Frozen','Chthonics','Boss');
INSERT INTO dbo.Monsters VALUES (292,'Sen''Thel Voidbringer','Chthonics','Boss');
INSERT INTO dbo.Monsters VALUES (293,'Shar''Luthol ~ Shielded','Chthonics','Common');
INSERT INTO dbo.Monsters VALUES (294,'Shar''Oruuth','Chthonics','Common');
INSERT INTO dbo.Monsters VALUES (295,'Vom''Anatu','Chthonics','Hero');
INSERT INTO dbo.Monsters VALUES (296,'Vom''Zul','Chthonics','Common');
INSERT INTO dbo.Monsters VALUES (297,'Waban''Ak, the Sparkmaw','Chthonics','Boss');
INSERT INTO dbo.Monsters VALUES (298,'Wallon''Aldos the Voidbringer','Chthonics','Hero');
INSERT INTO dbo.Monsters VALUES (299,'Wen''Kazul, the Hungering Blade','Chthonics','Nemesis');
INSERT INTO dbo.Monsters VALUES (300,'Yakwa''Anatu ~ Unstoppable','Chthonics','Hero');
INSERT INTO dbo.Monsters VALUES (301,'Yakwa''Mal ~ Arcane','Chthonics','Hero');
INSERT INTO dbo.Monsters VALUES (302,'Zal''Naroth, Guardian of the Bastion','Chthonics','Nemesis');
INSERT INTO dbo.Monsters VALUES (303,'Zalyth''Uthax ~ Electrified','Chthonics','Hero');
INSERT INTO dbo.Monsters VALUES (304,'Bloodthirsty Bloom','Eldritch','Boss');
INSERT INTO dbo.Monsters VALUES (305,'Burning Bloom','Eldritch','Hero');
INSERT INTO dbo.Monsters VALUES (306,'Ferrosius ~ Swift','Eldritch','Hero');
INSERT INTO dbo.Monsters VALUES (307,'Garrl ~ Voidtouched','Eldritch','Hero');
INSERT INTO dbo.Monsters VALUES (308,'Habnor the Void-Chosen','Eldritch','Common');
INSERT INTO dbo.Monsters VALUES (309,'Haldras Flamespitter','Eldritch','Hero');
INSERT INTO dbo.Monsters VALUES (310,'Hammerton','Eldritch','Nemesis');
INSERT INTO dbo.Monsters VALUES (311,'Jormundur ~ Diseased','Eldritch','Hero');
INSERT INTO dbo.Monsters VALUES (312,'Rimestone ~ Frozen','Eldritch','Hero');
INSERT INTO dbo.Monsters VALUES (313,'Stonegrinder ~ Charger','Eldritch','Hero');
INSERT INTO dbo.Monsters VALUES (314,'Stoneheart ~ Reflective','Eldritch','Hero');
INSERT INTO dbo.Monsters VALUES (315,'Swillius','Eldritch','Common');
INSERT INTO dbo.Monsters VALUES (316,'Thunderbloom ~ Electrified','Eldritch','Common');
INSERT INTO dbo.Monsters VALUES (317,'Titanius Steelskin ~ Defender','Eldritch','Hero');
INSERT INTO dbo.Monsters VALUES (318,'Virulent Growth ~ Diseased','Eldritch','Common');
INSERT INTO dbo.Monsters VALUES (319,'Voidstone ~ Voidtouched','Eldritch','Hero');
INSERT INTO dbo.Monsters VALUES (320,'Boomer Slocum','Humans','Hero');
INSERT INTO dbo.Monsters VALUES (321,'Madman Wilcox','Humans','Nemesis');
INSERT INTO dbo.Monsters VALUES (322,'Allcadius the Unburied ~ Reflective','Humans','Hero');
INSERT INTO dbo.Monsters VALUES (323,'Ashe The Wall Farrell','Humans','Hero');
INSERT INTO dbo.Monsters VALUES (324,'Balvadar the Bloodthirsty ~ Regenerator','Humans','Hero');
INSERT INTO dbo.Monsters VALUES (325,'Bellia Everthirst ~ Vampiric','Humans','Common');
INSERT INTO dbo.Monsters VALUES (326,'Bloody Jack','Humans','Common');
INSERT INTO dbo.Monsters VALUES (327,'Bolla The Raven','Humans','Hero');
INSERT INTO dbo.Monsters VALUES (328,'Brother Baldris, Charge of Empyrion','Humans','Hero');
INSERT INTO dbo.Monsters VALUES (329,'Brother Handrick ~ Burning','Humans','Hero');
INSERT INTO dbo.Monsters VALUES (330,'Caspis, the Blooddrinker','Humans','Hero');
INSERT INTO dbo.Monsters VALUES (331,'Delnar Black Eye','Humans','Nemesis');
INSERT INTO dbo.Monsters VALUES (332,'Dravko The Torch','Humans','Hero');
INSERT INTO dbo.Monsters VALUES (333,'Dred One-Eye','Humans','Hero');
INSERT INTO dbo.Monsters VALUES (334,'Edmund Shanks Doyle','Humans','Hero');
INSERT INTO dbo.Monsters VALUES (335,'Everett, the Bloodbound ~ Burning','Humans','Hero');
INSERT INTO dbo.Monsters VALUES (336,'Haldra the Bloodlust','Humans','Hero');
INSERT INTO dbo.Monsters VALUES (337,'Handaar Bloodweaver','Humans','Hero');
INSERT INTO dbo.Monsters VALUES (338,'Holvuur Bonespeaker','Humans','Hero');
INSERT INTO dbo.Monsters VALUES (339,'Horvald Shieldbreaker','Humans','Hero');
INSERT INTO dbo.Monsters VALUES (340,'Hudson Fury','Humans','Hero');
INSERT INTO dbo.Monsters VALUES (341,'Ignacius ~ Burning','Humans','Boss');
INSERT INTO dbo.Monsters VALUES (342,'Ignafius Mageblood ~ Arcane','Humans','Common');
INSERT INTO dbo.Monsters VALUES (343,'Igniaa Venomtongue','Humans','Common');
INSERT INTO dbo.Monsters VALUES (344,'Igor The Brawler','Humans','Common');
INSERT INTO dbo.Monsters VALUES (345,'Jakala Bonesinger','Humans','Hero');
INSERT INTO dbo.Monsters VALUES (346,'Javos Bonesplinter','Humans','Common');
INSERT INTO dbo.Monsters VALUES (347,'Julius Crowley, the Mindbender','Humans','Hero');
INSERT INTO dbo.Monsters VALUES (348,'Leander Blackwater Greene','Humans','Hero');
INSERT INTO dbo.Monsters VALUES (349,'Lucius Bloodboil','Humans','Common');
INSERT INTO dbo.Monsters VALUES (350,'Ludia Bloodwhisper','Humans','Boss');
INSERT INTO dbo.Monsters VALUES (351,'Misonaak ~ Shielded','Humans','Hero');
INSERT INTO dbo.Monsters VALUES (352,'Naakala ~ Regenerator','Humans','Nemesis');
INSERT INTO dbo.Monsters VALUES (353,'Nadra, the Shadow','Humans','Hero');
INSERT INTO dbo.Monsters VALUES (354,'Nathalian, the Houndcaller','Humans','Hero');
INSERT INTO dbo.Monsters VALUES (355,'Nokultaak, the Reaper','Humans','Hero');
INSERT INTO dbo.Monsters VALUES (356,'Olga Flamebearer','Humans','Boss');
INSERT INTO dbo.Monsters VALUES (357,'Palros, Protector of the Pack ~ Defender','Humans','Common');
INSERT INTO dbo.Monsters VALUES (358,'Rift-Claimed Adherent','Humans','Common');
INSERT INTO dbo.Monsters VALUES (359,'Serul Shadesong','Humans','Hero');
INSERT INTO dbo.Monsters VALUES (360,'Silas The Skinner','Humans','Hero');
INSERT INTO dbo.Monsters VALUES (361,'Sister Oseltia, the Storm Maiden','Humans','Common');
INSERT INTO dbo.Monsters VALUES (362,'Sister Thandria ~ Defender','Humans','Hero');
INSERT INTO dbo.Monsters VALUES (363,'Sleyvak The Breaker','Humans','Boss');
INSERT INTO dbo.Monsters VALUES (364,'Thullon, Chosen of Ch''thon','Humans','Hero');
INSERT INTO dbo.Monsters VALUES (365,'Tollia Splittongue','Humans','Common');
INSERT INTO dbo.Monsters VALUES (366,'Tridia the Skorned','Humans','Nemesis');
INSERT INTO dbo.Monsters VALUES (367,'Ulda Emberclaw','Humans','Nemesis');
INSERT INTO dbo.Monsters VALUES (368,'Urokoraa, Speaker for the Dead','Humans','Boss');
INSERT INTO dbo.Monsters VALUES (369,'Verona Bloodskewer','Humans','Common');
INSERT INTO dbo.Monsters VALUES (370,'Wiley, the Slasher ~ Swift','Humans','Boss');
INSERT INTO dbo.Monsters VALUES (371,'Abathis, the Withered','Undead','Hero');
INSERT INTO dbo.Monsters VALUES (372,'Aetherwraith ~ Corrupted','Undead','Common');
INSERT INTO dbo.Monsters VALUES (373,'Allos Sadarin ~ Reflective','Undead','Nemesis');
INSERT INTO dbo.Monsters VALUES (374,'Alya Dugald','Undead','Common');
INSERT INTO dbo.Monsters VALUES (375,'Arcanom the Soulthief','Undead','Hero');
INSERT INTO dbo.Monsters VALUES (376,'Ballan Voros ~ Reflective','Undead','Boss');
INSERT INTO dbo.Monsters VALUES (377,'Balrazar, Eternal Servant of Dreeg','Undead','Hero');
INSERT INTO dbo.Monsters VALUES (378,'Bralgarr, the Flame Watcher ~ Burning','Undead','Hero');
INSERT INTO dbo.Monsters VALUES (379,'Chillheart ~ Frozen','Undead','Hero');
INSERT INTO dbo.Monsters VALUES (380,'Corpran ~ Corrupted','Undead','Hero');
INSERT INTO dbo.Monsters VALUES (381,'Corprus','Undead','Hero');
INSERT INTO dbo.Monsters VALUES (382,'Corpselick','Undead','Boss');
INSERT INTO dbo.Monsters VALUES (383,'Death Revenant','Undead','Common');
INSERT INTO dbo.Monsters VALUES (384,'Falgarr, the Ice Watcher ~ Frozen','Undead','Boss');
INSERT INTO dbo.Monsters VALUES (385,'Gravvis, the Decayed','Undead','Common');
INSERT INTO dbo.Monsters VALUES (386,'Grulgor, the Tormented ~ Diseased','Undead','Nemesis');
INSERT INTO dbo.Monsters VALUES (387,'Grum','Undead','Boss');
INSERT INTO dbo.Monsters VALUES (388,'Harros Dred, the Damned','Undead','Boss');
INSERT INTO dbo.Monsters VALUES (389,'Hellwraith ~ Burning','Undead','Nemesis');
INSERT INTO dbo.Monsters VALUES (390,'Laudos Vagra','Undead','Hero');
INSERT INTO dbo.Monsters VALUES (391,'Mortallis','Undead','Hero');
INSERT INTO dbo.Monsters VALUES (392,'Neak Dugald','Undead','Common');
INSERT INTO dbo.Monsters VALUES (393,'Necrolask','Undead','Boss');
INSERT INTO dbo.Monsters VALUES (394,'Nomos Dred','Undead','Hero');
INSERT INTO dbo.Monsters VALUES (395,'Obliterus','Undead','Hero');
INSERT INTO dbo.Monsters VALUES (396,'Olagarr, the Chaosbringer ~ Voidtouched','Undead','Boss');
INSERT INTO dbo.Monsters VALUES (397,'Oldrakan Pald ~ Swift','Undead','Hero');
INSERT INTO dbo.Monsters VALUES (398,'Oligeane Dar','Undead','Common');
INSERT INTO dbo.Monsters VALUES (399,'Phris Dugald','Undead','Common');
INSERT INTO dbo.Monsters VALUES (400,'Polterrios','Undead','Hero');
INSERT INTO dbo.Monsters VALUES (401,'Rhovena Kur','Undead','Hero');
INSERT INTO dbo.Monsters VALUES (402,'Rosena Malgos ~ Regenerator','Undead','Common');
INSERT INTO dbo.Monsters VALUES (403,'Rot-Eye','Undead','Hero');
INSERT INTO dbo.Monsters VALUES (404,'Shade of Elnadrin','Undead','Common');
INSERT INTO dbo.Monsters VALUES (405,'Stormshriek ~ Electrified','Undead','Common');
INSERT INTO dbo.Monsters VALUES (406,'Sulvar the Endless Hungerer ~ Vampiric','Undead','Hero');
INSERT INTO dbo.Monsters VALUES (407,'Tenebris, the Blood Drinker','Undead','Hero');
INSERT INTO dbo.Monsters VALUES (408,'Tildoom ~ Timewarped','Undead','Hero');
INSERT INTO dbo.Monsters VALUES (409,'Valavan, the Wandering Soul','Undead','Hero');
INSERT INTO dbo.Monsters VALUES (410,'Vilnius ~ Voidtouched','Undead','Hero');
INSERT INTO dbo.Monsters VALUES (411,'Vladris','Undead','Hero');
INSERT INTO dbo.Monsters VALUES (412,'Wralgarr, the Aethertouched ~ Corrupted','Undead','Hero');
INSERT INTO dbo.Monsters VALUES (413,'Alberran Rein','Aether Corruptions','Boss');
INSERT INTO dbo.Monsters VALUES (414,'Bollag, Keeper of the Gates','Aether Corruptions','Common');
INSERT INTO dbo.Monsters VALUES (415,'Commander Lucius','Aether Corruptions','Hero');
INSERT INTO dbo.Monsters VALUES (416,'Councilman Garl','Aether Corruptions','Hero');
INSERT INTO dbo.Monsters VALUES (417,'Councilman Hallos','Aether Corruptions','Hero');
INSERT INTO dbo.Monsters VALUES (418,'Cyrian Marcan','Aether Corruptions','Boss');
INSERT INTO dbo.Monsters VALUES (419,'Dralgar, the Keeper of Burrwitch','Aether Corruptions','Hero');
INSERT INTO dbo.Monsters VALUES (420,'Dreven Cole','Aether Corruptions','Boss');
INSERT INTO dbo.Monsters VALUES (421,'Galakros, the Mountain','Aether Corruptions','Nemesis');
INSERT INTO dbo.Monsters VALUES (422,'Hagalvar, the Bone Monger','Aether Corruptions','Boss');
INSERT INTO dbo.Monsters VALUES (423,'Harrath the Slaughterer','Aether Corruptions','Boss');
INSERT INTO dbo.Monsters VALUES (424,'Harrath, the Returned','Aether Corruptions','Common');
INSERT INTO dbo.Monsters VALUES (425,'Jarren the Plaguewarped','Aether Corruptions','Boss');
INSERT INTO dbo.Monsters VALUES (426,'Kyzogg the Reanimator','Aether Corruptions','Hero');
INSERT INTO dbo.Monsters VALUES (427,'Overlord Van Aldritch','Aether Corruptions','Boss');
INSERT INTO dbo.Monsters VALUES (428,'Rodalgar, the Flesh Collector','Aether Corruptions','Common');
INSERT INTO dbo.Monsters VALUES (429,'The Amalgamation','Aether Corruptions','Common');
INSERT INTO dbo.Monsters VALUES (430,'The Master of Flesh ~ Theodin Marcell','Aether Corruptions','Common');
INSERT INTO dbo.Monsters VALUES (431,'Venarius, the Backbreaker','Aether Corruptions','Hero');
INSERT INTO dbo.Monsters VALUES (432,'Watcher Brandis','Aether Corruptions','Boss');
INSERT INTO dbo.Monsters VALUES (433,'Watcher Ordas','Aether Corruptions','Common');
INSERT INTO dbo.Monsters VALUES (434,'Watcher Ygraad','Aether Corruptions','Nemesis');
INSERT INTO dbo.Monsters VALUES (435,'Darius Cronley','Aetherials','Nemesis');
INSERT INTO dbo.Monsters VALUES (436,'Fleshshaper Hinissius','Aetherials','Hero');
INSERT INTO dbo.Monsters VALUES (437,'Fleshweaver Haraxis','Aetherials','Common');
INSERT INTO dbo.Monsters VALUES (438,'Noveria Stormfire','Aetherials','Boss');
INSERT INTO dbo.Monsters VALUES (439,'Carraxus Foul','Beasts','Nemesis');
INSERT INTO dbo.Monsters VALUES (440,'Connivius Earthshell','Beasts','Hero');
INSERT INTO dbo.Monsters VALUES (441,'Handarroth','Beasts','Hero');
INSERT INTO dbo.Monsters VALUES (442,'Kra''vall''s Tentacle','Beasts','Nemesis');
INSERT INTO dbo.Monsters VALUES (443,'Kra''vall, Ancient of the Waters','Beasts','Common');
INSERT INTO dbo.Monsters VALUES (444,'Mogara, the Prime Matriarch','Beasts','Boss');
INSERT INTO dbo.Monsters VALUES (445,'Namadea, the Screecher','Beasts','Common');
INSERT INTO dbo.Monsters VALUES (446,'Naxen Shade','Beasts','Boss');
INSERT INTO dbo.Monsters VALUES (447,'Ollivioth','Beasts','Nemesis');
INSERT INTO dbo.Monsters VALUES (448,'Pusquill the Hoarder','Beasts','Common');
INSERT INTO dbo.Monsters VALUES (449,'Ragrathar Rageblood','Beasts','Boss');
INSERT INTO dbo.Monsters VALUES (450,'Scorv, Servant of Ravager','Beasts','Nemesis');
INSERT INTO dbo.Monsters VALUES (451,'Trapped Wraith','Beasts','Boss');
INSERT INTO dbo.Monsters VALUES (452,'Yuvolloth','Beasts','Boss');
INSERT INTO dbo.Monsters VALUES (453,'Ballog''Nath, the Hellfire','Chthonics','Common');
INSERT INTO dbo.Monsters VALUES (454,'Balok''Anatu, Bloodfiend','Chthonics','Common');
INSERT INTO dbo.Monsters VALUES (455,'Bane''Galgalor, Guardian of the Gates','Chthonics','Common');
INSERT INTO dbo.Monsters VALUES (456,'Bane''Gargoth','Chthonics','Boss');
INSERT INTO dbo.Monsters VALUES (457,'Ekket''Zul, Progenitor of Darkness','Chthonics','Common');
INSERT INTO dbo.Monsters VALUES (458,'Gabal''Thunn, the Visage of Madness','Chthonics','Hero');
INSERT INTO dbo.Monsters VALUES (459,'Lagoth''Ak, Harbinger of Blood','Chthonics','Common');
INSERT INTO dbo.Monsters VALUES (460,'Lunal''Valgoth, Steward of Darkness','Chthonics','Nemesis');
INSERT INTO dbo.Monsters VALUES (461,'Rag''Nadar, the Great Maw','Chthonics','Boss');
INSERT INTO dbo.Monsters VALUES (462,'Rakka''Valgoth the Fleshdrinker','Chthonics','Boss');
INSERT INTO dbo.Monsters VALUES (463,'Shar''Zul, Harbinger of Chaos','Chthonics','Hero');
INSERT INTO dbo.Monsters VALUES (464,'Sharanatu, Harbinger of the Void','Chthonics','Hero');
INSERT INTO dbo.Monsters VALUES (465,'Thall''Nosh, the Unraveler','Chthonics','Common');
INSERT INTO dbo.Monsters VALUES (466,'Bargoll, the Mouldering Mound','Eldritch','Hero');
INSERT INTO dbo.Monsters VALUES (467,'Gargabol, Heart of the Wild','Eldritch','Hero');
INSERT INTO dbo.Monsters VALUES (468,'Guardian of Bysmiel','Eldritch','Common');
INSERT INTO dbo.Monsters VALUES (469,'Guardian of Dreeg','Eldritch','Boss');
INSERT INTO dbo.Monsters VALUES (470,'Guardian of Solael','Eldritch','Boss');
INSERT INTO dbo.Monsters VALUES (471,'Sylvarria''s Vine','Eldritch','Boss');
INSERT INTO dbo.Monsters VALUES (472,'Sylvarria, Queen of the Undergrowth','Eldritch','Common');
INSERT INTO dbo.Monsters VALUES (473,'The Sentinel','Eldritch','Common');
INSERT INTO dbo.Monsters VALUES (474,'Moneybags Martin','Humans','Hero');
INSERT INTO dbo.Monsters VALUES (475,'Anasteria','Humans','Boss');
INSERT INTO dbo.Monsters VALUES (476,'Anasteria, Harbinger of the North','Humans','Boss');
INSERT INTO dbo.Monsters VALUES (477,'Anasteria, Wrath of the Aether','Humans','Boss');
INSERT INTO dbo.Monsters VALUES (478,'Avris Marrowill','Humans','Hero');
INSERT INTO dbo.Monsters VALUES (479,'Bloodlord Thalonis','Humans','Boss');
INSERT INTO dbo.Monsters VALUES (480,'Bolvar, the Bloodbinder','Humans','Common');
INSERT INTO dbo.Monsters VALUES (481,'Boris, Master of the Pit','Humans','Hero');
INSERT INTO dbo.Monsters VALUES (482,'Direni','Humans','Nemesis');
INSERT INTO dbo.Monsters VALUES (483,'Halion The Rat','Humans','Boss');
INSERT INTO dbo.Monsters VALUES (484,'Janaxia, the Betrayer','Humans','Boss');
INSERT INTO dbo.Monsters VALUES (485,'Karroz, Sigil of Ch''thon','Humans','Common');
INSERT INTO dbo.Monsters VALUES (486,'Larria, the Hexxer','Humans','Boss');
INSERT INTO dbo.Monsters VALUES (487,'Master Ravok, the Death''s Whisper','Humans','Hero');
INSERT INTO dbo.Monsters VALUES (488,'Nicholas Balthazar','Humans','Boss');
INSERT INTO dbo.Monsters VALUES (489,'Packla, the Turning','Humans','Common');
INSERT INTO dbo.Monsters VALUES (490,'Salazar, Blade of Ch''thon','Humans','Common');
INSERT INTO dbo.Monsters VALUES (491,'Sister Bravna, the Skybreaker','Humans','Boss');
INSERT INTO dbo.Monsters VALUES (492,'Ulgrim','Humans','Common');
INSERT INTO dbo.Monsters VALUES (493,'Zaria, the Carver','Humans','Common');
INSERT INTO dbo.Monsters VALUES (494,'Archon Barthollem','Undead','Common');
INSERT INTO dbo.Monsters VALUES (495,'Bandragos, Thrall of Dravis','Undead','Common');
INSERT INTO dbo.Monsters VALUES (496,'Baros Wradlith, Lord of the Lost Souls','Undead','Common');
INSERT INTO dbo.Monsters VALUES (497,'Grand Priest Zarthuzellan','Undead','Common');
INSERT INTO dbo.Monsters VALUES (498,'Harvoul, the Earthshaker','Undead','Common');
INSERT INTO dbo.Monsters VALUES (499,'High Priest Rolderathis','Undead','Hero');
INSERT INTO dbo.Monsters VALUES (500,'Kilrian, the Tainted Soul','Undead','Boss');
INSERT INTO dbo.Monsters VALUES (501,'Malkadarr, Champion of Death''s Vigil','Undead','Boss');
INSERT INTO dbo.Monsters VALUES (502,'Nacrathan, the Timeless','Undead','Boss');
INSERT INTO dbo.Monsters VALUES (503,'Plagius, the Decrepit','Undead','Boss');
INSERT INTO dbo.Monsters VALUES (504,'Ugdall, Wrath of the Ugdenbog','Undead','Common');
INSERT INTO dbo.Monsters VALUES (505,'Uroboruuk''s Guardian','Undead','Common');
INSERT INTO dbo.Monsters VALUES (506,'Wraith of Sorrows','Undead','Boss');
INSERT INTO dbo.Monsters VALUES (507,'Archmage Aleksander','Aetherials','Hero');
INSERT INTO dbo.Monsters VALUES (508,'Benn''Jahr, the Colossal','Chthonics','Common');
INSERT INTO dbo.Monsters VALUES (509,'Fabius the Unseen Gonzar','Humans','Common');
INSERT INTO dbo.Monsters VALUES (510,'Grava''Thul, the Voiddrinker','Chthonics','Nemesis');
INSERT INTO dbo.Monsters VALUES (511,'Kubacabra, the Endless Menace','Beasts','Common');
INSERT INTO dbo.Monsters VALUES (512,'Kubacabra, the Enduring','Beasts','Nemesis');
INSERT INTO dbo.Monsters VALUES (513,'Kubacabra, the Tenacious','Beasts','Nemesis');
INSERT INTO dbo.Monsters VALUES (514,'Moosilauke, the Chillwind','Undead','Common');
INSERT INTO dbo.Monsters VALUES (515,'Reaper of the Lost','Beasts','Boss');
INSERT INTO dbo.Monsters VALUES (516,'The Iron Maiden','Humans','Boss');
INSERT INTO dbo.Monsters VALUES (517,'Valdaran, the Storm Scourge','Aether Corruptions','Common');
INSERT INTO dbo.Monsters VALUES (518,'Zantarin, the Immortal','Undead','Common');

INSERT INTO dbo.Classes VALUES ('Necromancer');
INSERT INTO dbo.Classes VALUES ('Inquisitor');
INSERT INTO dbo.Classes VALUES ('Shaman');
INSERT INTO dbo.Classes VALUES ('Arcanist');
INSERT INTO dbo.Classes VALUES ('Nightblade');
INSERT INTO dbo.Classes VALUES ('Occultist');
INSERT INTO dbo.Classes VALUES ('Demolitionist');
INSERT INTO dbo.Classes VALUES ('Soldier');
INSERT INTO dbo.Classes VALUES ('Witchblade');
INSERT INTO dbo.Classes VALUES ('Blademaster');
INSERT INTO dbo.Classes VALUES ('Battlemage');
INSERT INTO dbo.Classes VALUES ('Warder');
INSERT INTO dbo.Classes VALUES ('Tactician');
INSERT INTO dbo.Classes VALUES ('Death Knight');
INSERT INTO dbo.Classes VALUES ('Pyromancer');
INSERT INTO dbo.Classes VALUES ('Saboteur');
INSERT INTO dbo.Classes VALUES ('Sorcerer');
INSERT INTO dbo.Classes VALUES ('Elementalist');
INSERT INTO dbo.Classes VALUES ('Purifier');
INSERT INTO dbo.Classes VALUES ('Defiler');
INSERT INTO dbo.Classes VALUES ('Witch Hunter');
INSERT INTO dbo.Classes VALUES ('Warlock');
INSERT INTO dbo.Classes VALUES ('Conjurer');
INSERT INTO dbo.Classes VALUES ('Deceiver');
INSERT INTO dbo.Classes VALUES ('Cabalist');
INSERT INTO dbo.Classes VALUES ('Spellbreaker');
INSERT INTO dbo.Classes VALUES ('Trickster');
INSERT INTO dbo.Classes VALUES ('Infiltrator');
INSERT INTO dbo.Classes VALUES ('Reaper');
INSERT INTO dbo.Classes VALUES ('Druid');
INSERT INTO dbo.Classes VALUES ('Mage Hunter');
INSERT INTO dbo.Classes VALUES ('Spellbinder');
INSERT INTO dbo.Classes VALUES ('Vindicator');
INSERT INTO dbo.Classes VALUES ('Ritualist');
INSERT INTO dbo.Classes VALUES ('Apostate');

INSERT INTO dbo.Slots VALUES ('WEAPON');
INSERT INTO dbo.Slots VALUES ('OFFHAND');
INSERT INTO dbo.Slots VALUES ('HEAD');
INSERT INTO dbo.Slots VALUES ('SHOULDERS');
INSERT INTO dbo.Slots VALUES ('CHEST');
INSERT INTO dbo.Slots VALUES ('HANDS');
INSERT INTO dbo.Slots VALUES ('FEET');
INSERT INTO dbo.Slots VALUES ('LEGS');

INSERT INTO dbo.BaseItems VALUES (0,'Honed Longsword','WEAPON');
INSERT INTO dbo.BaseItems VALUES (1,'Boneblade','WEAPON');
INSERT INTO dbo.BaseItems VALUES (2,'Dermapteran Slicer','WEAPON');
INSERT INTO dbo.BaseItems VALUES (3,'Spectral Longsword','WEAPON');
INSERT INTO dbo.BaseItems VALUES (4,'Malkadarr''s Dreadblade','WEAPON');
INSERT INTO dbo.BaseItems VALUES (5,'Salazar''s Sovereign Blade','WEAPON');
INSERT INTO dbo.BaseItems VALUES (6,'Chosen Blade','WEAPON');
INSERT INTO dbo.BaseItems VALUES (7,'Devil''s Bargain','WEAPON');
INSERT INTO dbo.BaseItems VALUES (8,'Honed Broadsword','WEAPON');
INSERT INTO dbo.BaseItems VALUES (9,'Wendigo Claw','WEAPON');
INSERT INTO dbo.BaseItems VALUES (10,'Wendigo Barb','WEAPON');
INSERT INTO dbo.BaseItems VALUES (11,'Bloodlord''s Blade','WEAPON');
INSERT INTO dbo.BaseItems VALUES (12,'Legion Carver','WEAPON');
INSERT INTO dbo.BaseItems VALUES (13,'Legion Slicer','WEAPON');
INSERT INTO dbo.BaseItems VALUES (14,'Honed Conqueror','WEAPON');
INSERT INTO dbo.BaseItems VALUES (15,'Olman''s Axe','WEAPON');
INSERT INTO dbo.BaseItems VALUES (16,'Spectral Battle Axe','WEAPON');
INSERT INTO dbo.BaseItems VALUES (17,'Bonescythe','WEAPON');
INSERT INTO dbo.BaseItems VALUES (18,'Pit Master''s Axe','WEAPON');
INSERT INTO dbo.BaseItems VALUES (19,'Rhowari Justice','WEAPON');
INSERT INTO dbo.BaseItems VALUES (20,'Solar Edge','WEAPON');
INSERT INTO dbo.BaseItems VALUES (21,'Death''s Crescent','WEAPON');
INSERT INTO dbo.BaseItems VALUES (22,'Servitor''s Slicer','WEAPON');
INSERT INTO dbo.BaseItems VALUES (23,'Servitor''s Corruptor','WEAPON');
INSERT INTO dbo.BaseItems VALUES (24,'Aetherwarped Cleaver','WEAPON');
INSERT INTO dbo.BaseItems VALUES (25,'Leather Helm','HEAD');
INSERT INTO dbo.BaseItems VALUES (26,'Scrapmetal Casque','HEAD');
INSERT INTO dbo.BaseItems VALUES (27,'Cloth Cap','HEAD');
INSERT INTO dbo.BaseItems VALUES (28,'Quilted Circlet','HEAD');
INSERT INTO dbo.BaseItems VALUES (29,'Hide Cap','HEAD');
INSERT INTO dbo.BaseItems VALUES (30,'Restored Hat','HEAD');
INSERT INTO dbo.BaseItems VALUES (31,'Woven Coif','HEAD');
INSERT INTO dbo.BaseItems VALUES (32,'Steel Helm','HEAD');
INSERT INTO dbo.BaseItems VALUES (33,'Fur-lined Cap','HEAD');
INSERT INTO dbo.BaseItems VALUES (34,'Salvaged Helmet','HEAD');
INSERT INTO dbo.BaseItems VALUES (35,'Savage Diadem','HEAD');
INSERT INTO dbo.BaseItems VALUES (36,'Studded Helmet','HEAD');
INSERT INTO dbo.BaseItems VALUES (37,'Plate Basinet','HEAD');
INSERT INTO dbo.BaseItems VALUES (38,'Embroidered Hat','HEAD');
INSERT INTO dbo.BaseItems VALUES (39,'Leather Hood','HEAD');
INSERT INTO dbo.BaseItems VALUES (40,'Incendiary Helm','HEAD');
INSERT INTO dbo.BaseItems VALUES (41,'Ascended Helm','HEAD');
INSERT INTO dbo.BaseItems VALUES (42,'Murderer''s Coif','HEAD');
INSERT INTO dbo.BaseItems VALUES (43,'Spiked Mask','HEAD');
INSERT INTO dbo.BaseItems VALUES (44,'Infantry Helm','HEAD');
INSERT INTO dbo.BaseItems VALUES (45,'Hinterland Coronet','HEAD');
INSERT INTO dbo.BaseItems VALUES (46,'Fleshwarped Helm','HEAD');
INSERT INTO dbo.BaseItems VALUES (47,'Ascended Circlet','HEAD');
INSERT INTO dbo.BaseItems VALUES (48,'Frontier Mask','HEAD');
INSERT INTO dbo.BaseItems VALUES (49,'Chainmail Casque','HEAD');
INSERT INTO dbo.BaseItems VALUES (50,'Ornate Hat','HEAD');
INSERT INTO dbo.BaseItems VALUES (51,'Brigandine Mask','HEAD');
INSERT INTO dbo.BaseItems VALUES (52,'Plated Helm','HEAD');
INSERT INTO dbo.BaseItems VALUES (53,'Heavy Basinet','HEAD');
INSERT INTO dbo.BaseItems VALUES (54,'Gilded Diadem','HEAD');
INSERT INTO dbo.BaseItems VALUES (55,'Raider Coif','HEAD');
INSERT INTO dbo.BaseItems VALUES (56,'Assault Helm','HEAD');
INSERT INTO dbo.BaseItems VALUES (57,'Imperial Hat','HEAD');
INSERT INTO dbo.BaseItems VALUES (58,'Gilded Visage','HEAD');
INSERT INTO dbo.BaseItems VALUES (59,'Assault Basinet','HEAD');
INSERT INTO dbo.BaseItems VALUES (60,'Imperial Casque','HEAD');
INSERT INTO dbo.BaseItems VALUES (61,'Imperial Coronet','HEAD');
INSERT INTO dbo.BaseItems VALUES (62,'Exalted Basinet','HEAD');
INSERT INTO dbo.BaseItems VALUES (63,'Exalted Helm','HEAD');
INSERT INTO dbo.BaseItems VALUES (64,'Exalted Hat','HEAD');
INSERT INTO dbo.BaseItems VALUES (65,'Exalted Visage','HEAD');
INSERT INTO dbo.BaseItems VALUES (66,'Preserver Helmet','HEAD');
INSERT INTO dbo.BaseItems VALUES (67,'Preserver Basinet','HEAD');
INSERT INTO dbo.BaseItems VALUES (68,'Preserver Hat','HEAD');
INSERT INTO dbo.BaseItems VALUES (69,'Preserver Mask','HEAD');
INSERT INTO dbo.BaseItems VALUES (70,'Redeemer Helm','HEAD');
INSERT INTO dbo.BaseItems VALUES (71,'Redeemer Casque','HEAD');
INSERT INTO dbo.BaseItems VALUES (72,'Redeemer Diadem','HEAD');
INSERT INTO dbo.BaseItems VALUES (73,'Scrapmetal Shoulderplates','SHOULDERS');
INSERT INTO dbo.BaseItems VALUES (74,'Leather Spaulders','SHOULDERS');
INSERT INTO dbo.BaseItems VALUES (75,'Fur-lined Mantle','SHOULDERS');
INSERT INTO dbo.BaseItems VALUES (76,'Studded Shoulderguard','SHOULDERS');
INSERT INTO dbo.BaseItems VALUES (77,'Plated Spaulders','SHOULDERS');
INSERT INTO dbo.BaseItems VALUES (78,'Incendiary Spaulders','SHOULDERS');
INSERT INTO dbo.BaseItems VALUES (79,'Ascended Spaulders','SHOULDERS');
INSERT INTO dbo.BaseItems VALUES (80,'Raider Shoulderguard','SHOULDERS');
INSERT INTO dbo.BaseItems VALUES (81,'Salvaged Pauldrons','SHOULDERS');
INSERT INTO dbo.BaseItems VALUES (82,'Murderer''s Spaulders','SHOULDERS');
INSERT INTO dbo.BaseItems VALUES (83,'Haunted Mantle','SHOULDERS');
INSERT INTO dbo.BaseItems VALUES (84,'Fleshwarped Spaulders','SHOULDERS');
INSERT INTO dbo.BaseItems VALUES (85,'Field Spaulders','SHOULDERS');
INSERT INTO dbo.BaseItems VALUES (86,'Heavy Spaulders','SHOULDERS');
INSERT INTO dbo.BaseItems VALUES (87,'Ascended Mantle','SHOULDERS');
INSERT INTO dbo.BaseItems VALUES (88,'Ornate Mantle','SHOULDERS');
INSERT INTO dbo.BaseItems VALUES (89,'Hinterland Shoulderplates','SHOULDERS');
INSERT INTO dbo.BaseItems VALUES (90,'Assault Epaulets','SHOULDERS');
INSERT INTO dbo.BaseItems VALUES (91,'Raider Pauldrons','SHOULDERS');
INSERT INTO dbo.BaseItems VALUES (92,'Imperial Spaulders','SHOULDERS');
INSERT INTO dbo.BaseItems VALUES (93,'Assault Shoulderplates','SHOULDERS');
INSERT INTO dbo.BaseItems VALUES (94,'Exalted Spaulders','SHOULDERS');
INSERT INTO dbo.BaseItems VALUES (95,'Exalted Shoulderplates','SHOULDERS');
INSERT INTO dbo.BaseItems VALUES (96,'Preserver Epaulets','SHOULDERS');
INSERT INTO dbo.BaseItems VALUES (97,'Preserver Pauldrons','SHOULDERS');
INSERT INTO dbo.BaseItems VALUES (98,'Redeemer Spaulders','SHOULDERS');
INSERT INTO dbo.BaseItems VALUES (99,'Redeemer Shoulderplates','SHOULDERS');
INSERT INTO dbo.BaseItems VALUES (100,'Patchwork Jacket','CHEST');
INSERT INTO dbo.BaseItems VALUES (101,'Novice Tunic','CHEST');
INSERT INTO dbo.BaseItems VALUES (102,'Quilted Coat','CHEST');
INSERT INTO dbo.BaseItems VALUES (103,'Leather Jacket','CHEST');
INSERT INTO dbo.BaseItems VALUES (104,'Quilted Armor','CHEST');
INSERT INTO dbo.BaseItems VALUES (105,'Leather Coat','CHEST');
INSERT INTO dbo.BaseItems VALUES (106,'Salvaged Armor','CHEST');
INSERT INTO dbo.BaseItems VALUES (107,'Hide Jacket','CHEST');
INSERT INTO dbo.BaseItems VALUES (108,'Apprentice Tunic','CHEST');
INSERT INTO dbo.BaseItems VALUES (109,'Brigandine Armor','CHEST');
INSERT INTO dbo.BaseItems VALUES (110,'Patchwork Doublet','CHEST');
INSERT INTO dbo.BaseItems VALUES (111,'Padded Trenchcoat','CHEST');
INSERT INTO dbo.BaseItems VALUES (112,'Brigandine Jacket','CHEST');
INSERT INTO dbo.BaseItems VALUES (113,'Leather Vestment','CHEST');
INSERT INTO dbo.BaseItems VALUES (114,'Engraved Coat','CHEST');
INSERT INTO dbo.BaseItems VALUES (115,'Plate Armor','CHEST');
INSERT INTO dbo.BaseItems VALUES (116,'Salvaged Breastplate','CHEST');
INSERT INTO dbo.BaseItems VALUES (117,'Restored Raiment','CHEST');
INSERT INTO dbo.BaseItems VALUES (118,'Murderer''s Armor','CHEST');
INSERT INTO dbo.BaseItems VALUES (119,'Infantry Doublet','CHEST');
INSERT INTO dbo.BaseItems VALUES (120,'Chain Armor','CHEST');
INSERT INTO dbo.BaseItems VALUES (121,'Combat Trenchcoat','CHEST');
INSERT INTO dbo.BaseItems VALUES (122,'Infantry Chestguard','CHEST');
INSERT INTO dbo.BaseItems VALUES (123,'Embroidered Raiment','CHEST');
INSERT INTO dbo.BaseItems VALUES (124,'Fleshwarped Cuirass','CHEST');
INSERT INTO dbo.BaseItems VALUES (125,'Haunted Robes','CHEST');
INSERT INTO dbo.BaseItems VALUES (126,'Ascended Robes','CHEST');
INSERT INTO dbo.BaseItems VALUES (127,'Bronze Cuirass','CHEST');
INSERT INTO dbo.BaseItems VALUES (128,'Splinted Surcoat','CHEST');
INSERT INTO dbo.BaseItems VALUES (129,'Plate Harness','CHEST');
INSERT INTO dbo.BaseItems VALUES (130,'Ornate Robe','CHEST');
INSERT INTO dbo.BaseItems VALUES (131,'Bloodsworn Robes','CHEST');
INSERT INTO dbo.BaseItems VALUES (132,'Frontier Hauberk','CHEST');
INSERT INTO dbo.BaseItems VALUES (133,'Heavy Surcoat','CHEST');
INSERT INTO dbo.BaseItems VALUES (134,'Gilded Vestment','CHEST');
INSERT INTO dbo.BaseItems VALUES (135,'Hinterland Breastplate','CHEST');
INSERT INTO dbo.BaseItems VALUES (136,'Assault Chainmail','CHEST');
INSERT INTO dbo.BaseItems VALUES (137,'Opulent Robe','CHEST');
INSERT INTO dbo.BaseItems VALUES (138,'Imperial Hauberk','CHEST');
INSERT INTO dbo.BaseItems VALUES (139,'Imperial Platemail','CHEST');
INSERT INTO dbo.BaseItems VALUES (140,'Imperial Raiment','CHEST');
INSERT INTO dbo.BaseItems VALUES (141,'Assault Hauberk','CHEST');
INSERT INTO dbo.BaseItems VALUES (142,'Exalted Platemail','CHEST');
INSERT INTO dbo.BaseItems VALUES (143,'Exalted Vestment','CHEST');
INSERT INTO dbo.BaseItems VALUES (144,'Preserver Cuirass','CHEST');
INSERT INTO dbo.BaseItems VALUES (145,'Preserver Breastplate','CHEST');
INSERT INTO dbo.BaseItems VALUES (146,'Preserver Robe','CHEST');
INSERT INTO dbo.BaseItems VALUES (147,'Redeemer Chestguard','CHEST');
INSERT INTO dbo.BaseItems VALUES (148,'Redeemer Platemail','CHEST');
INSERT INTO dbo.BaseItems VALUES (149,'Redeemer Raiment','CHEST');
INSERT INTO dbo.BaseItems VALUES (150,'Leather Grips','HANDS');
INSERT INTO dbo.BaseItems VALUES (151,'Scrapmetal Grips','HANDS');
INSERT INTO dbo.BaseItems VALUES (152,'Hide Gloves','HANDS');
INSERT INTO dbo.BaseItems VALUES (153,'Plated Gauntlets','HANDS');
INSERT INTO dbo.BaseItems VALUES (154,'Infantry Vambraces','HANDS');
INSERT INTO dbo.BaseItems VALUES (155,'Salvaged Gloves','HANDS');
INSERT INTO dbo.BaseItems VALUES (156,'Studded Gloves','HANDS');
INSERT INTO dbo.BaseItems VALUES (157,'Restored Gauntlets','HANDS');
INSERT INTO dbo.BaseItems VALUES (158,'Scalemail Vambraces','HANDS');
INSERT INTO dbo.BaseItems VALUES (159,'Hinterland Handguards','HANDS');
INSERT INTO dbo.BaseItems VALUES (160,'Scalemail Gloves','HANDS');
INSERT INTO dbo.BaseItems VALUES (161,'Heavy Gauntlets','HANDS');
INSERT INTO dbo.BaseItems VALUES (162,'Raider Gauntlets','HANDS');
INSERT INTO dbo.BaseItems VALUES (163,'Assault Handguards','HANDS');
INSERT INTO dbo.BaseItems VALUES (164,'Chainmail Gauntlets','HANDS');
INSERT INTO dbo.BaseItems VALUES (165,'Imperial Handguards','HANDS');
INSERT INTO dbo.BaseItems VALUES (166,'Exalted Vambraces','HANDS');
INSERT INTO dbo.BaseItems VALUES (167,'Exalted Handguards','HANDS');
INSERT INTO dbo.BaseItems VALUES (168,'Preserver Gloves','HANDS');
INSERT INTO dbo.BaseItems VALUES (169,'Preserver Grips','HANDS');
INSERT INTO dbo.BaseItems VALUES (170,'Redeemer Gauntlets','HANDS');
INSERT INTO dbo.BaseItems VALUES (171,'Redeemer Handguards','HANDS');
INSERT INTO dbo.BaseItems VALUES (172,'Leather Pants','LEGS');
INSERT INTO dbo.BaseItems VALUES (173,'Padded Breeches','LEGS');
INSERT INTO dbo.BaseItems VALUES (174,'Patchwork Leggings','LEGS');
INSERT INTO dbo.BaseItems VALUES (175,'Combat Pants','LEGS');
INSERT INTO dbo.BaseItems VALUES (176,'Studded Legwraps','LEGS');
INSERT INTO dbo.BaseItems VALUES (177,'Infantry Breeches','LEGS');
INSERT INTO dbo.BaseItems VALUES (178,'Brigandine Legwraps','LEGS');
INSERT INTO dbo.BaseItems VALUES (179,'Splinted Chausses','LEGS');
INSERT INTO dbo.BaseItems VALUES (180,'Frontier Pants','LEGS');
INSERT INTO dbo.BaseItems VALUES (181,'Restored Legguards','LEGS');
INSERT INTO dbo.BaseItems VALUES (182,'Raider Leggings','LEGS');
INSERT INTO dbo.BaseItems VALUES (183,'Plated Chausses','LEGS');
INSERT INTO dbo.BaseItems VALUES (184,'Ornate Leggings','LEGS');
INSERT INTO dbo.BaseItems VALUES (185,'Assault Legguards','LEGS');
INSERT INTO dbo.BaseItems VALUES (186,'Imperial Leggings','LEGS');
INSERT INTO dbo.BaseItems VALUES (187,'Imperial Legguards','LEGS');
INSERT INTO dbo.BaseItems VALUES (188,'Exalted Leggings','LEGS');
INSERT INTO dbo.BaseItems VALUES (189,'Exalted Chausses','LEGS');
INSERT INTO dbo.BaseItems VALUES (190,'Preserver Legwraps','LEGS');
INSERT INTO dbo.BaseItems VALUES (191,'Preserver Breeches','LEGS');
INSERT INTO dbo.BaseItems VALUES (192,'Redeemer Leggings','LEGS');
INSERT INTO dbo.BaseItems VALUES (193,'Redeemer Legguards','LEGS');
INSERT INTO dbo.BaseItems VALUES (194,'Salvaged Footpads','FEET');
INSERT INTO dbo.BaseItems VALUES (195,'Padded Boots','FEET');
INSERT INTO dbo.BaseItems VALUES (196,'Leather Boots','FEET');
INSERT INTO dbo.BaseItems VALUES (197,'Reinforced Greaves','FEET');
INSERT INTO dbo.BaseItems VALUES (198,'Infantry Greaves','FEET');
INSERT INTO dbo.BaseItems VALUES (199,'Steel Treads','FEET');
INSERT INTO dbo.BaseItems VALUES (200,'Fur-lined Boots','FEET');
INSERT INTO dbo.BaseItems VALUES (201,'Splinted Boots','FEET');
INSERT INTO dbo.BaseItems VALUES (202,'Brigandine Greaves','FEET');
INSERT INTO dbo.BaseItems VALUES (203,'Plated Boots','FEET');
INSERT INTO dbo.BaseItems VALUES (204,'Frontier Sabatons','FEET');
INSERT INTO dbo.BaseItems VALUES (205,'Heavy Treads','FEET');
INSERT INTO dbo.BaseItems VALUES (206,'Raider Greaves','FEET');
INSERT INTO dbo.BaseItems VALUES (207,'Assault Greaves','FEET');
INSERT INTO dbo.BaseItems VALUES (208,'Imperial Sabatons','FEET');
INSERT INTO dbo.BaseItems VALUES (209,'Imperial Treads','FEET');
INSERT INTO dbo.BaseItems VALUES (210,'Exalted Sabatons','FEET');
INSERT INTO dbo.BaseItems VALUES (211,'Exalted Treads','FEET');
INSERT INTO dbo.BaseItems VALUES (212,'Preserver Boots','FEET');
INSERT INTO dbo.BaseItems VALUES (213,'Preserver Treads','FEET');
INSERT INTO dbo.BaseItems VALUES (214,'Intrepid Warboots','FEET');
INSERT INTO dbo.BaseItems VALUES (215,'Stoneplate Greaves','FEET');
INSERT INTO dbo.BaseItems VALUES (216,'Redeemer Greaves','FEET');
INSERT INTO dbo.BaseItems VALUES (217,'Redeemer Treads','FEET');
INSERT INTO dbo.BaseItems VALUES (218,'Plank Shield','OFFHAND');
INSERT INTO dbo.BaseItems VALUES (219,'Tarnished Round Shield','OFFHAND');
INSERT INTO dbo.BaseItems VALUES (220,'Scrapmetal Buckler','OFFHAND');
INSERT INTO dbo.BaseItems VALUES (221,'Tarnished Heater Shield','OFFHAND');
INSERT INTO dbo.BaseItems VALUES (222,'Improvised Round Shield','OFFHAND');
INSERT INTO dbo.BaseItems VALUES (223,'Weathered Tower Shield','OFFHAND');
INSERT INTO dbo.BaseItems VALUES (224,'Tarnished War Shield','OFFHAND');
INSERT INTO dbo.BaseItems VALUES (225,'Warden''s Bulwark','OFFHAND');
INSERT INTO dbo.BaseItems VALUES (226,'Reinforced Heater Shield','OFFHAND');
INSERT INTO dbo.BaseItems VALUES (227,'Fortified Rondache','OFFHAND');
INSERT INTO dbo.BaseItems VALUES (228,'Obsidian Guard','OFFHAND');
INSERT INTO dbo.BaseItems VALUES (229,'Spectral Shield','OFFHAND');
INSERT INTO dbo.BaseItems VALUES (230,'Trog Bonewall','OFFHAND');
INSERT INTO dbo.BaseItems VALUES (231,'Fleshwarped Shield','OFFHAND');
INSERT INTO dbo.BaseItems VALUES (232,'Improvised Tower Shield','OFFHAND');
INSERT INTO dbo.BaseItems VALUES (233,'Raider Heater Shield','OFFHAND');
INSERT INTO dbo.BaseItems VALUES (234,'Raider Aegis','OFFHAND');
INSERT INTO dbo.BaseItems VALUES (235,'Fortified Tower Shield','OFFHAND');
INSERT INTO dbo.BaseItems VALUES (236,'Assault Kite Shield','OFFHAND');
INSERT INTO dbo.BaseItems VALUES (237,'Assault Aegis','OFFHAND');
INSERT INTO dbo.BaseItems VALUES (238,'Imperial Kite Shield','OFFHAND');
INSERT INTO dbo.BaseItems VALUES (239,'Imperial Tower Shield','OFFHAND');
INSERT INTO dbo.BaseItems VALUES (240,'Exalted Rondache','OFFHAND');
INSERT INTO dbo.BaseItems VALUES (241,'Stonewall Defender','OFFHAND');
INSERT INTO dbo.BaseItems VALUES (242,'Preserver Aegis','OFFHAND');

INSERT INTO dbo.Attributes VALUES (0,'NULL','NULL',16,' Damage');
INSERT INTO dbo.Attributes VALUES (1,'NULL','NULL',17,' Armor');
INSERT INTO dbo.Attributes VALUES (2,'Prefix','Superior',6,' Bonus Damage');
INSERT INTO dbo.Attributes VALUES (3,'Prefix','Puncturing',4,' Piercing Damage');
INSERT INTO dbo.Attributes VALUES (4,'Prefix','Chilled',10,' Physical Damage converted to Cold Damage');
INSERT INTO dbo.Attributes VALUES (5,'Prefix','Chilled',3,' Cold Damage');
INSERT INTO dbo.Attributes VALUES (6,'Prefix','Searing',10,' Physical Damage converted to Fire Damage');
INSERT INTO dbo.Attributes VALUES (7,'Prefix','Searing',4,' Fire Damage');
INSERT INTO dbo.Attributes VALUES (8,'Prefix','Poisoned',10,' Physical Damage converted to Acid Damage');
INSERT INTO dbo.Attributes VALUES (9,'Prefix','Poisoned',15,' Poison Damage Over 5 Seconds (3 Per Second)');
INSERT INTO dbo.Attributes VALUES (10,'Prefix','Charged',10,' Physical Damage converted to Lightning Damage');
INSERT INTO dbo.Attributes VALUES (11,'Prefix','Charged',5,' Lightning Damage');
INSERT INTO dbo.Attributes VALUES (12,'Prefix','Vampiric',5,' of Attack Damage converted to Health');
INSERT INTO dbo.Attributes VALUES (13,'Prefix','Draining',6,' Energy Burn');
INSERT INTO dbo.Attributes VALUES (14,'Prefix','Sapping',5,' Reduction to Enemy''s Health');
INSERT INTO dbo.Attributes VALUES (15,'Prefix','Corrosive',4,' Acid Damage');
INSERT INTO dbo.Attributes VALUES (16,'Prefix','Warped',10,' Physical Damage converted to Aether Damage');
INSERT INTO dbo.Attributes VALUES (17,'Prefix','Warped',3,' Aether Damage');
INSERT INTO dbo.Attributes VALUES (18,'Prefix','Void-Touched',10,' Physical Damage converted to Chaos Damage');
INSERT INTO dbo.Attributes VALUES (19,'Prefix','Void-Touched',5,' Chaos Damage');
INSERT INTO dbo.Attributes VALUES (20,'Prefix','Tyrant''s',8,' Total Damage');
INSERT INTO dbo.Attributes VALUES (21,'Prefix','Tyrant''s',9,' Bonus Damage');
INSERT INTO dbo.Attributes VALUES (22,'Prefix','Tyrant''s',15,' Reduced target''s Damage For 3 Seconds');
INSERT INTO dbo.Attributes VALUES (23,'Prefix','Tyrant''s',12,' Cunning');
INSERT INTO dbo.Attributes VALUES (24,'Prefix','Relentless',12,' Physical Damage');
INSERT INTO dbo.Attributes VALUES (25,'Prefix','Relentless',10,' Chance of 56 Bonus Damage');
INSERT INTO dbo.Attributes VALUES (26,'Prefix','Relentless',5,' Attack Speed');
INSERT INTO dbo.Attributes VALUES (27,'Prefix','Relentless',1,' to Fighting Spirit');
INSERT INTO dbo.Attributes VALUES (28,'Prefix','Runecaster''s',12,' Elemental Damage');
INSERT INTO dbo.Attributes VALUES (29,'Prefix','Runecaster''s',4,' Elemental Damage');
INSERT INTO dbo.Attributes VALUES (30,'Prefix','Runecaster''s',10,' Chance of Disrupt target''s skills for 1.5 Seconds');
INSERT INTO dbo.Attributes VALUES (31,'Prefix','Runecaster''s',5,' Casting Speed');
INSERT INTO dbo.Attributes VALUES (32,'Prefix','Runecaster''s',10,' Damage to Aetherial & Chthonic');
INSERT INTO dbo.Attributes VALUES (33,'Prefix','Plaguebearer''s',20,' Poison Damage Over 5 Seconds (4 Per Second)');
INSERT INTO dbo.Attributes VALUES (34,'Prefix','Plaguebearer''s',12,' Poison Damage With +15% Improved Duration');
INSERT INTO dbo.Attributes VALUES (35,'Prefix','Plaguebearer''s',15,' Reduced target''s Resistance For 5 Seconds');
INSERT INTO dbo.Attributes VALUES (36,'Prefix','Barbaric',12,' Physical Damage');
INSERT INTO dbo.Attributes VALUES (37,'Prefix','Barbaric',6,' Bonus Damage');
INSERT INTO dbo.Attributes VALUES (38,'Prefix','Barbaric',5,' Chance of Stun target for 1.5 Seconds');
INSERT INTO dbo.Attributes VALUES (39,'Prefix','Barbaric',5,' Physique');
INSERT INTO dbo.Attributes VALUES (40,'Prefix','Barbaric',4,' Health');
INSERT INTO dbo.Attributes VALUES (41,'Prefix','Bloodthirsty',12,' Bleeding Damage Over 3 Seconds (4 Per Second)');
INSERT INTO dbo.Attributes VALUES (42,'Prefix','Bloodthirsty',18,' Bleeding Damage With +20% Improved Duration');
INSERT INTO dbo.Attributes VALUES (43,'Prefix','Bloodthirsty',4,' of Attack Damage converted to Health');
INSERT INTO dbo.Attributes VALUES (44,'Prefix','Officer''s',8,' Total Damage');
INSERT INTO dbo.Attributes VALUES (45,'Prefix','Officer''s',7,' Bonus Damage');
INSERT INTO dbo.Attributes VALUES (46,'Prefix','Officer''s',5,' Increased Experience');
INSERT INTO dbo.Attributes VALUES (47,'Prefix','Officer''s',14,' Offensive Ability');
INSERT INTO dbo.Attributes VALUES (48,'Prefix','Demonic',15,' Physical Damage converted to Chaos Damage');
INSERT INTO dbo.Attributes VALUES (49,'Prefix','Demonic',12,' Vitality Damage');
INSERT INTO dbo.Attributes VALUES (50,'Prefix','Demonic',12,' Chaos Damage');
INSERT INTO dbo.Attributes VALUES (51,'Prefix','Demonic',7,' Chaos Damage');
INSERT INTO dbo.Attributes VALUES (52,'Prefix','Demonic',2,' Offensive Ability');
INSERT INTO dbo.Attributes VALUES (53,'Prefix','Infernal',15,' Physical Damage converted to Fire Damage');
INSERT INTO dbo.Attributes VALUES (54,'Prefix','Infernal',12,' Fire Damage');
INSERT INTO dbo.Attributes VALUES (55,'Prefix','Infernal',6,' Fire Damage');
INSERT INTO dbo.Attributes VALUES (56,'Prefix','Infernal',12,' Spirit');
INSERT INTO dbo.Attributes VALUES (57,'Prefix','Infernal',15,' Physical Damage converted to Fire Damage');
INSERT INTO dbo.Attributes VALUES (58,'Prefix','Infernal',36,' Burn Damage');
INSERT INTO dbo.Attributes VALUES (59,'Prefix','Infernal',36,' Fire Damage');
INSERT INTO dbo.Attributes VALUES (60,'Prefix','Infernal',17,' Fire Damage');
INSERT INTO dbo.Attributes VALUES (61,'Prefix','Infernal',35,' Spirit');
INSERT INTO dbo.Attributes VALUES (62,'Prefix','Enchanter''s',15,' Physical Damage converted to Elemental Damage');
INSERT INTO dbo.Attributes VALUES (63,'Prefix','Enchanter''s',12,' Elemental Damage');
INSERT INTO dbo.Attributes VALUES (64,'Prefix','Enchanter''s',4,' Elemental Damage');
INSERT INTO dbo.Attributes VALUES (65,'Prefix','Enchanter''s',14,' Offensive Ability');
INSERT INTO dbo.Attributes VALUES (66,'Prefix','Eldritch',15,' Physical Damage converted to Health');
INSERT INTO dbo.Attributes VALUES (67,'Prefix','Eldritch',12,' Poison Damage');
INSERT INTO dbo.Attributes VALUES (68,'Prefix','Eldritch',12,' Vitality Damage');
INSERT INTO dbo.Attributes VALUES (69,'Prefix','Eldritch',4,' Vitality Damage');
INSERT INTO dbo.Attributes VALUES (70,'Prefix','Eldritch',2,' Spirit');
INSERT INTO dbo.Attributes VALUES (71,'Prefix','Skyfallen',15,' Physical Damage converted to Lightning Damage');
INSERT INTO dbo.Attributes VALUES (72,'Prefix','Skyfallen',12,' Lightning Damage');
INSERT INTO dbo.Attributes VALUES (73,'Prefix','Skyfallen',7,' Lightning Damage');
INSERT INTO dbo.Attributes VALUES (74,'Prefix','Skyfallen',18,' Offensive Ability');
INSERT INTO dbo.Attributes VALUES (75,'Prefix','Frostborn',15,' Physical Damage converted to Cold Damage');
INSERT INTO dbo.Attributes VALUES (76,'Prefix','Frostborn',12,' Cold Damage');
INSERT INTO dbo.Attributes VALUES (77,'Prefix','Frostborn',4,' Cold Damage');
INSERT INTO dbo.Attributes VALUES (78,'Prefix','Frostborn',14,' Defensive Ability');
INSERT INTO dbo.Attributes VALUES (79,'Prefix','Earthbound',4,' Physical Resistance');
INSERT INTO dbo.Attributes VALUES (80,'Prefix','Earthbound',12,' Physical Damage');
INSERT INTO dbo.Attributes VALUES (81,'Prefix','Earthbound',9,' Bonus Damage');
INSERT INTO dbo.Attributes VALUES (82,'Prefix','Stormcharged',15,' Physical Damage converted to Lightning Damage');
INSERT INTO dbo.Attributes VALUES (83,'Prefix','Stormcharged',18,' Cold Damage');
INSERT INTO dbo.Attributes VALUES (84,'Prefix','Stormcharged',18,' Lightning Damage');
INSERT INTO dbo.Attributes VALUES (85,'Prefix','Stormcharged',9,' Lightning Damage');
INSERT INTO dbo.Attributes VALUES (86,'Prefix','Stormcharged',5,' Casting Speed');
INSERT INTO dbo.Attributes VALUES (87,'Prefix','Hellfire',15,' Physical Damage converted to Fire Damage');
INSERT INTO dbo.Attributes VALUES (88,'Prefix','Hellfire',15,' Burn Damage Over 3 Seconds (5 Per Second)');
INSERT INTO dbo.Attributes VALUES (89,'Prefix','Hellfire',24,' Burn Damage With +20% Improved Duration');
INSERT INTO dbo.Attributes VALUES (90,'Prefix','Hellfire',14,' Offensive Ability');
INSERT INTO dbo.Attributes VALUES (91,'Prefix','Incanter''s',15,' Physical Damage converted to Elemental Damage');
INSERT INTO dbo.Attributes VALUES (92,'Prefix','Incanter''s',16,' Elemental Damage');
INSERT INTO dbo.Attributes VALUES (93,'Prefix','Incanter''s',5,' Elemental Damage');
INSERT INTO dbo.Attributes VALUES (94,'Prefix','Incanter''s',2,' Spirit');
INSERT INTO dbo.Attributes VALUES (95,'Prefix','Venomfang',15,' Physical Damage converted to Acid Damage');
INSERT INTO dbo.Attributes VALUES (96,'Prefix','Venomfang',25,' Poison Damage Over 5 Seconds (5 Per Second)');
INSERT INTO dbo.Attributes VALUES (97,'Prefix','Venomfang',12,' Poison Damage');
INSERT INTO dbo.Attributes VALUES (98,'Prefix','Venomfang',12,' Acid Damage');
INSERT INTO dbo.Attributes VALUES (99,'Prefix','Venomfang',33,' Chance of 40 Reduced target''s Defensive Ability For 3 Seconds');
INSERT INTO dbo.Attributes VALUES (100,'Prefix','Aetherfire',15,' Physical Damage converted to Aether Damage');
INSERT INTO dbo.Attributes VALUES (101,'Prefix','Aetherfire',18,' Aether Damage');
INSERT INTO dbo.Attributes VALUES (102,'Prefix','Aetherfire',5,' Aether Damage');
INSERT INTO dbo.Attributes VALUES (103,'Prefix','Aetherfire',14,' Offensive Ability');
INSERT INTO dbo.Attributes VALUES (104,'Prefix','Sinister',10,' Pierce Damage');
INSERT INTO dbo.Attributes VALUES (105,'Prefix','Sinister',25,' Armor Piercing');
INSERT INTO dbo.Attributes VALUES (106,'Prefix','Sinister',5,' Piercing Damage');
INSERT INTO dbo.Attributes VALUES (107,'Prefix','Sinister',6,' Cunning');
INSERT INTO dbo.Attributes VALUES (108,'Prefix','Sinister',10,' Damage to Human');
INSERT INTO dbo.Attributes VALUES (109,'Prefix','Heart Piercing',10,' Pierce Damage');
INSERT INTO dbo.Attributes VALUES (110,'Prefix','Heart Piercing',15,' Chance of 39 Bleeding Damage Over 3 Seconds (13 Per Second)');
INSERT INTO dbo.Attributes VALUES (111,'Prefix','Heart Piercing',5,' Piercing Damage');
INSERT INTO dbo.Attributes VALUES (112,'Prefix','Heart Piercing',12,' Cunning');
INSERT INTO dbo.Attributes VALUES (113,'Prefix','Frenzied',9,' Bonus Damage');
INSERT INTO dbo.Attributes VALUES (114,'Prefix','Frenzied',5,' Cunning');
INSERT INTO dbo.Attributes VALUES (115,'Prefix','Frenzied',14,' Offensive Ability');
INSERT INTO dbo.Attributes VALUES (116,'Prefix','Frenzied',5,' Attack Speed');
INSERT INTO dbo.Attributes VALUES (117,'Prefix','Glacial',15,' Physical Damage converted to Cold Damage');
INSERT INTO dbo.Attributes VALUES (118,'Prefix','Glacial',12,' Cold Damage');
INSERT INTO dbo.Attributes VALUES (119,'Prefix','Glacial',18,' Frostburn Damage');
INSERT INTO dbo.Attributes VALUES (120,'Prefix','Glacial',12,' Frostburn Damage Over 3 Seconds (4 Per Second)');
INSERT INTO dbo.Attributes VALUES (121,'Prefix','Glacial',14,' Offensive Ability');
INSERT INTO dbo.Attributes VALUES (122,'Prefix','Thunderstruck',15,' Physical Damage converted to Lightning Damage');
INSERT INTO dbo.Attributes VALUES (123,'Prefix','Thunderstruck',18,' Electrocute Damage With +20% Improved Duration');
INSERT INTO dbo.Attributes VALUES (124,'Prefix','Thunderstruck',15,' Stun Duration');
INSERT INTO dbo.Attributes VALUES (125,'Prefix','Thunderstruck',12,' Electrocute Damage Over 3 Seconds (4 Per Second)');
INSERT INTO dbo.Attributes VALUES (126,'Prefix','Thunderstruck',14,' Offensive Ability');
INSERT INTO dbo.Attributes VALUES (127,'Prefix','Rimefrost',15,' Physical Damage converted to Cold Damage');
INSERT INTO dbo.Attributes VALUES (128,'Prefix','Rimefrost',24,' Frostburn Damage');
INSERT INTO dbo.Attributes VALUES (129,'Prefix','Rimefrost',15,' Frostburn Damage Over 3 Seconds (5 Per Second)');
INSERT INTO dbo.Attributes VALUES (130,'Prefix','Rimefrost',12,' Spirit');
INSERT INTO dbo.Attributes VALUES (131,'Prefix','Rimefrost',5,' Casting Speed');
INSERT INTO dbo.Attributes VALUES (132,'Prefix','Essence Drinker''s',15,' Physical Damage converted to Aether Damage');
INSERT INTO dbo.Attributes VALUES (133,'Prefix','Essence Drinker''s',12,' Vitality Damage');
INSERT INTO dbo.Attributes VALUES (134,'Prefix','Essence Drinker''s',12,' Aether Damage');
INSERT INTO dbo.Attributes VALUES (135,'Prefix','Essence Drinker''s',4,' Aether Damage');
INSERT INTO dbo.Attributes VALUES (136,'Prefix','Essence Drinker''s',1,' to Drain Essence');
INSERT INTO dbo.Attributes VALUES (137,'Prefix','Stonefaced',12,' Physical Damage');
INSERT INTO dbo.Attributes VALUES (138,'Prefix','Stonefaced',14,' Defensive Ability');
INSERT INTO dbo.Attributes VALUES (139,'Prefix','Runecarved',15,' Physical Damage converted to Elemental Damage');
INSERT INTO dbo.Attributes VALUES (140,'Prefix','Runecarved',12,' Elemental Damage');
INSERT INTO dbo.Attributes VALUES (141,'Prefix','Runecarved',4,' Elemental Damage');
INSERT INTO dbo.Attributes VALUES (142,'Prefix','Runecarved',4,' Health');
INSERT INTO dbo.Attributes VALUES (143,'Prefix','Wraithbound',15,' Physical Damage converted to Health');
INSERT INTO dbo.Attributes VALUES (144,'Prefix','Wraithbound',12,' Vitality Damage');
INSERT INTO dbo.Attributes VALUES (145,'Prefix','Wraithbound',12,' Aether Damage');
INSERT INTO dbo.Attributes VALUES (146,'Prefix','Magestorm',15,' Physical Damage converted to Aether Damage');
INSERT INTO dbo.Attributes VALUES (147,'Prefix','Magestorm',12,' Lightning Damage');
INSERT INTO dbo.Attributes VALUES (148,'Prefix','Magestorm',12,' Aether Damage');
INSERT INTO dbo.Attributes VALUES (149,'Prefix','Magestorm',4,' Aether Damage');
INSERT INTO dbo.Attributes VALUES (150,'Suffix','of Alacrity',9,' Attack Speed');
INSERT INTO dbo.Attributes VALUES (151,'Suffix','of Celerity',12,' Casting Speed');
INSERT INTO dbo.Attributes VALUES (152,'Suffix','of Attack',10,' Offensive Ability');
INSERT INTO dbo.Attributes VALUES (153,'Suffix','of Protection',7,' Defensive Ability');
INSERT INTO dbo.Attributes VALUES (154,'Suffix','of Readiness',7,' Offensive Ability');
INSERT INTO dbo.Attributes VALUES (155,'Suffix','of Readiness',5,' Defensive Ability');
INSERT INTO dbo.Attributes VALUES (156,'Suffix','of Ruin',16,' Physical Damage');
INSERT INTO dbo.Attributes VALUES (157,'Suffix','of Frostbite',16,' Cold Damage');
INSERT INTO dbo.Attributes VALUES (158,'Suffix','of Scorching',16,' Fire Damage');
INSERT INTO dbo.Attributes VALUES (159,'Suffix','of Thunder',16,' Lightning Damage');
INSERT INTO dbo.Attributes VALUES (160,'Suffix','of Corrosion',16,' Acid Damage');
INSERT INTO dbo.Attributes VALUES (161,'Suffix','of Decay',16,' Vitality Damage');
INSERT INTO dbo.Attributes VALUES (162,'Suffix','of Venom',16,' Poison Damage');
INSERT INTO dbo.Attributes VALUES (163,'Suffix','of Blood',16,' Bleeding Damage');
INSERT INTO dbo.Attributes VALUES (164,'Suffix','of the Aether',16,' Aether Damage');
INSERT INTO dbo.Attributes VALUES (165,'Suffix','of the Void',16,' Chaos Damage');
INSERT INTO dbo.Attributes VALUES (166,'Suffix','of Spines',13,' Pierce Damage');
INSERT INTO dbo.Attributes VALUES (167,'Suffix','of Trauma',16,' Internal Trauma Damage');
INSERT INTO dbo.Attributes VALUES (168,'Suffix','of Conflagration',10,' Chance of 126 Burn Damage Over 3 Seconds (42 Per Second)');
INSERT INTO dbo.Attributes VALUES (169,'Suffix','of Conflagration',14,' Burn Damage');
INSERT INTO dbo.Attributes VALUES (170,'Suffix','of Conflagration',14,' Fire Damage');
INSERT INTO dbo.Attributes VALUES (171,'Suffix','of Conflagration',5,' Fire Damage');
INSERT INTO dbo.Attributes VALUES (172,'Suffix','of Insanity',14,' Aether Damage');
INSERT INTO dbo.Attributes VALUES (173,'Suffix','of Insanity',5,' Chance of Confuse target for 3 Seconds');
INSERT INTO dbo.Attributes VALUES (174,'Suffix','of Insanity',4,' Aether Damage');
INSERT INTO dbo.Attributes VALUES (175,'Suffix','of Insanity',8,' Casting Speed');
INSERT INTO dbo.Attributes VALUES (176,'Suffix','of Insanity',15,' Damage to Aetherial & Aether Corruption');
INSERT INTO dbo.Attributes VALUES (177,'Suffix','of Sanctification',8,' Total Damage');
INSERT INTO dbo.Attributes VALUES (178,'Suffix','of Sanctification',4,' Reduction to Enemy''s Health');
INSERT INTO dbo.Attributes VALUES (179,'Suffix','of Sanctification',22,' Offensive Ability');
INSERT INTO dbo.Attributes VALUES (180,'Suffix','of Sanctification',15,' Damage to Chthonic');
INSERT INTO dbo.Attributes VALUES (181,'Suffix','of the Abyss',26,' Chaos Damage');
INSERT INTO dbo.Attributes VALUES (182,'Suffix','of the Abyss',12,' Reduced target''s Damage For 3 Seconds');
INSERT INTO dbo.Attributes VALUES (183,'Suffix','of the Abyss',12,' Reduced target''s Resistance For 3 Seconds');
INSERT INTO dbo.Attributes VALUES (184,'Suffix','of the Abyss',9,' Chaos Damage');
INSERT INTO dbo.Attributes VALUES (185,'Suffix','of the Sage',22,' Elemental Damage');
INSERT INTO dbo.Attributes VALUES (186,'Suffix','of the Sage',5,' Elemental Damage');
INSERT INTO dbo.Attributes VALUES (187,'Suffix','of the Sage',8,' Casting Speed');
INSERT INTO dbo.Attributes VALUES (188,'Suffix','of the Slayer',15,' Chance of +80% Pierce Damage');
INSERT INTO dbo.Attributes VALUES (189,'Suffix','of the Slayer',4,' Piercing Damage');
INSERT INTO dbo.Attributes VALUES (190,'Suffix','of the Slayer',4,' Reduction to Enemy''s Health');
INSERT INTO dbo.Attributes VALUES (191,'Suffix','of the Slayer',5,' Attack Speed');
INSERT INTO dbo.Attributes VALUES (192,'Suffix','of Voracity',4,' Vitality Damage');
INSERT INTO dbo.Attributes VALUES (193,'Suffix','of Voracity',4,' of Attack Damage converted to Health');
INSERT INTO dbo.Attributes VALUES (194,'Suffix','of Voracity',10,' Attack Speed');
INSERT INTO dbo.Attributes VALUES (195,'Suffix','of Fervor',12,' Physical Damage');
INSERT INTO dbo.Attributes VALUES (196,'Suffix','of Fervor',10,' Chance of 30 Bonus Damage');
INSERT INTO dbo.Attributes VALUES (197,'Suffix','of Fervor',50,' Health');
INSERT INTO dbo.Attributes VALUES (198,'Suffix','of Fervor',6,' Attack Speed');
INSERT INTO dbo.Attributes VALUES (199,'Suffix','of Cruelty',12,' Bleeding Damage Over 3 Seconds (4 Per Second)');
INSERT INTO dbo.Attributes VALUES (200,'Suffix','of Cruelty',17,' Bleeding Damage With +20% Improved Duration');
INSERT INTO dbo.Attributes VALUES (201,'Suffix','of Cruelty',15,' Damage to Beastkin & Beast');
INSERT INTO dbo.Attributes VALUES (202,'Suffix','of Ruthlessness',20,' Pierce Damage');
INSERT INTO dbo.Attributes VALUES (203,'Suffix','of Ruthlessness',10,' Chance of 22 Piercing Damage');
INSERT INTO dbo.Attributes VALUES (204,'Suffix','of Ruthlessness',12,' Cunning');
INSERT INTO dbo.Attributes VALUES (205,'Suffix','of Ruthlessness',5,' Attack Speed');
INSERT INTO dbo.Attributes VALUES (206,'Suffix','of Ruthlessness',15,' Damage to Human');
INSERT INTO dbo.Attributes VALUES (207,'Suffix','of Bestial Rage',50,' Health');
INSERT INTO dbo.Attributes VALUES (208,'Suffix','of Bestial Rage',14,' Offensive Ability');
INSERT INTO dbo.Attributes VALUES (209,'Suffix','of Fury',4,' Total Damage');
INSERT INTO dbo.Attributes VALUES (210,'Suffix','of Fury',7,' Offensive Ability');
INSERT INTO dbo.Attributes VALUES (211,'Suffix','of Fury',12,' Attack Speed');
INSERT INTO dbo.Attributes VALUES (212,'Suffix','of Fury',12,' Casting Speed');
INSERT INTO dbo.Attributes VALUES (213,'Suffix','of Ferocity',7,' Bonus Damage');
INSERT INTO dbo.Attributes VALUES (214,'Suffix','of Ferocity',18,' Offensive Ability');
INSERT INTO dbo.Attributes VALUES (215,'Suffix','of Ferocity',5,' Attack Speed');
INSERT INTO dbo.Attributes VALUES (216,'Suffix','of Ferocity',3,' Movement Speed');
INSERT INTO dbo.Attributes VALUES (217,'Suffix','of Slaughter',10,' Chance of 132 Bleeding Damage Over 3 Seconds (44 Per Second)');
INSERT INTO dbo.Attributes VALUES (218,'Suffix','of Slaughter',17,' Bleeding Damage');
INSERT INTO dbo.Attributes VALUES (219,'Suffix','of Slaughter',4,' Piercing Damage');
INSERT INTO dbo.Attributes VALUES (220,'Suffix','of Slaughter',14,' Offensive Ability');
INSERT INTO dbo.Attributes VALUES (221,'Suffix','of Onslaught',8,' Total Damage');
INSERT INTO dbo.Attributes VALUES (222,'Suffix','of Onslaught',14,' Offensive Ability');
INSERT INTO dbo.Attributes VALUES (223,'Suffix','of Onslaught',5,' Attack Speed');
INSERT INTO dbo.Attributes VALUES (224,'Suffix','of Onslaught',5,' Casting Speed');
INSERT INTO dbo.Attributes VALUES (225,'Suffix','of Wildfire',14,' Burn Damage');
INSERT INTO dbo.Attributes VALUES (226,'Suffix','of Wildfire',14,' Fire Damage');
INSERT INTO dbo.Attributes VALUES (227,'Suffix','of Wildfire',5,' Fire Damage');
INSERT INTO dbo.Attributes VALUES (228,'Suffix','of Wildfire',8,' Attack Speed');
INSERT INTO dbo.Attributes VALUES (229,'Suffix','of Wildfire',8,' Casting Speed');
INSERT INTO dbo.Attributes VALUES (230,'Suffix','of Torrents',14,' Lightning Damage');
INSERT INTO dbo.Attributes VALUES (231,'Suffix','of Torrents',14,' Electrocute Damage');
INSERT INTO dbo.Attributes VALUES (232,'Suffix','of Torrents',7,' Lightning Damage');
INSERT INTO dbo.Attributes VALUES (233,'Suffix','of Torrents',8,' Casting Speed');
INSERT INTO dbo.Attributes VALUES (234,'Suffix','of Shattering',14,' Cold Damage');
INSERT INTO dbo.Attributes VALUES (235,'Suffix','of Shattering',14,' Frostburn Damage');
INSERT INTO dbo.Attributes VALUES (236,'Suffix','of Shattering',4,' Cold Damage');
INSERT INTO dbo.Attributes VALUES (237,'Suffix','of Shattering',5,' Chance of Freeze target for 2 Seconds');
INSERT INTO dbo.Attributes VALUES (238,'Suffix','of Shattering',8,' Attack Speed');
INSERT INTO dbo.Attributes VALUES (239,'Suffix','of Blight',20,' Poison Damage Over 5 Seconds (4 Per Second)');
INSERT INTO dbo.Attributes VALUES (240,'Suffix','of Blight',14,' Poison Damage With +20% Improved Duration');
INSERT INTO dbo.Attributes VALUES (241,'Suffix','of Blight',14,' Vitality Damage');
INSERT INTO dbo.Attributes VALUES (242,'Suffix','of Blight',8,' Casting Speed');
INSERT INTO dbo.Attributes VALUES (243,'Suffix','of the Venomclaw',4,' Acid Damage');
INSERT INTO dbo.Attributes VALUES (244,'Suffix','of the Venomclaw',14,' Poison Damage');
INSERT INTO dbo.Attributes VALUES (245,'Suffix','of the Venomclaw',14,' Acid Damage');
INSERT INTO dbo.Attributes VALUES (246,'Suffix','of the Venomclaw',7,' Offensive Ability');
INSERT INTO dbo.Attributes VALUES (247,'Suffix','of the Venomclaw',8,' Attack Speed');
INSERT INTO dbo.Attributes VALUES (248,'Suffix','of the Abomination',7,' Physical Damage');
INSERT INTO dbo.Attributes VALUES (249,'Suffix','of the Abomination',14,' Aether Damage');
INSERT INTO dbo.Attributes VALUES (250,'Suffix','of the Abomination',4,' Aether Damage');
INSERT INTO dbo.Attributes VALUES (251,'Suffix','of the Abomination',7,' Physique');
INSERT INTO dbo.Attributes VALUES (252,'Suffix','of the Abomination',14,' Offensive Ability');
INSERT INTO dbo.Attributes VALUES (253,'Suffix','of Annihilation',14,' Vitality Damage');
INSERT INTO dbo.Attributes VALUES (254,'Suffix','of Annihilation',14,' Reduction to Enemy''s Health');
INSERT INTO dbo.Attributes VALUES (255,'Suffix','of Annihilation',4,' Vitality Damage');
INSERT INTO dbo.Attributes VALUES (256,'Suffix','of Annihilation',5,' Spirit');
INSERT INTO dbo.Attributes VALUES (257,'Suffix','of Annihilation',8,' Casting Speed');
INSERT INTO dbo.Attributes VALUES (258,'Suffix','of the Elements',5,' Damage Reflected');
INSERT INTO dbo.Attributes VALUES (259,'Suffix','of the Elements',12,' Elemental Damage');
INSERT INTO dbo.Attributes VALUES (260,'Suffix','of the Elements',4,' Elemental Damage');
INSERT INTO dbo.Attributes VALUES (261,'Suffix','of the Elements',8,' Attack Speed');
INSERT INTO dbo.Attributes VALUES (262,'Suffix','of the Elements',8,' Casting Speed');
INSERT INTO dbo.Attributes VALUES (263,'Suffix','of Binding',12,' Spirit');
INSERT INTO dbo.Attributes VALUES (264,'Suffix','of Piercing Darkness',14,' Pierce Damage');
INSERT INTO dbo.Attributes VALUES (265,'Suffix','of Piercing Darkness',14,' Vitality Damage');
INSERT INTO dbo.Attributes VALUES (266,'Suffix','of Piercing Darkness',5,' Piercing Damage');
INSERT INTO dbo.Attributes VALUES (267,'Suffix','of Piercing Darkness',14,' Offensive Ability');
INSERT INTO dbo.Attributes VALUES (268,'Suffix','of Arcane Balance',31,' Fire Damage');
INSERT INTO dbo.Attributes VALUES (269,'Suffix','of Arcane Balance',31,' Cold Damage');
INSERT INTO dbo.Attributes VALUES (270,'Suffix','of Arcane Balance',5,' Elemental Damage');
INSERT INTO dbo.Attributes VALUES (271,'Suffix','of Arcane Balance',5,' Attack Speed');
INSERT INTO dbo.Attributes VALUES (272,'Suffix','of Arcane Balance',9,' Casting Speed');
INSERT INTO dbo.Attributes VALUES (273,'Suffix','of the Flamecaller',8,' Elemental Resistance');
INSERT INTO dbo.Attributes VALUES (274,'Suffix','of the Flamecaller',4,' Crit Damage');
INSERT INTO dbo.Attributes VALUES (275,'Suffix','of the Flamecaller',31,' Fire Damage');
INSERT INTO dbo.Attributes VALUES (276,'Suffix','of the Flamecaller',31,' Lightning Damage');
INSERT INTO dbo.Attributes VALUES (277,'Suffix','of the Flamecaller',22,' Offensive Ability');
INSERT INTO dbo.Attributes VALUES (278,'Suffix','of the Arcane Blaze',31,' Fire Damage');
INSERT INTO dbo.Attributes VALUES (279,'Suffix','of the Arcane Blaze',31,' Aether Damage');
INSERT INTO dbo.Attributes VALUES (280,'Suffix','of the Arcane Blaze',5,' Fire Damage');
INSERT INTO dbo.Attributes VALUES (281,'Suffix','of the Arcane Blaze',5,' Aether Damage');
INSERT INTO dbo.Attributes VALUES (282,'Suffix','of Voidfire',31,' Fire Damage');
INSERT INTO dbo.Attributes VALUES (283,'Suffix','of Voidfire',31,' Chaos Damage');
INSERT INTO dbo.Attributes VALUES (284,'Suffix','of Voidfire',5,' Chaos Damage');
INSERT INTO dbo.Attributes VALUES (285,'Suffix','of Voidfire',7,' Casting Speed');
INSERT INTO dbo.Attributes VALUES (286,'Suffix','of Fallen Skies',4,' Crit Damage');
INSERT INTO dbo.Attributes VALUES (287,'Suffix','of Fallen Skies',31,' Cold Damage');
INSERT INTO dbo.Attributes VALUES (288,'Suffix','of Fallen Skies',31,' Lightning Damage');
INSERT INTO dbo.Attributes VALUES (289,'Suffix','of Fallen Skies',22,' Offensive Ability');
INSERT INTO dbo.Attributes VALUES (290,'Suffix','of Solael''s Malice',31,' Vitality Damage');
INSERT INTO dbo.Attributes VALUES (291,'Suffix','of Solael''s Malice',31,' Chaos Damage');
INSERT INTO dbo.Attributes VALUES (292,'Suffix','of Solael''s Malice',5,' Vitality Damage');
INSERT INTO dbo.Attributes VALUES (293,'Suffix','of Solael''s Malice',5,' Chaos Damage');
INSERT INTO dbo.Attributes VALUES (294,'Suffix','of Solael''s Malice',22,' Offensive Ability');
INSERT INTO dbo.Attributes VALUES (295,'Suffix','of Shattered Reality',31,' Aether Damage');
INSERT INTO dbo.Attributes VALUES (296,'Suffix','of Shattered Reality',31,' Chaos Damage');
INSERT INTO dbo.Attributes VALUES (297,'Suffix','of Shattered Reality',5,' Aether Damage');
INSERT INTO dbo.Attributes VALUES (298,'Suffix','of Shattered Reality',5,' Attack Speed');
INSERT INTO dbo.Attributes VALUES (299,'Suffix','of Shattered Reality',9,' Casting Speed');
INSERT INTO dbo.Attributes VALUES (300,'Suffix','of the Cabal',4,' Crit Damage');
INSERT INTO dbo.Attributes VALUES (301,'Suffix','of the Cabal',31,' Poison Damage');
INSERT INTO dbo.Attributes VALUES (302,'Suffix','of the Cabal',31,' Chaos Damage');
INSERT INTO dbo.Attributes VALUES (303,'Suffix','of the Cabal',22,' Offensive Ability');
INSERT INTO dbo.Attributes VALUES (304,'Suffix','of Tormented Souls',5,' Crit Damage');
INSERT INTO dbo.Attributes VALUES (305,'Suffix','of Tormented Souls',14,' Vitality Damage');
INSERT INTO dbo.Attributes VALUES (306,'Suffix','of Tormented Souls',14,' Aether Damage');
INSERT INTO dbo.Attributes VALUES (307,'Suffix','of Tormented Souls',14,' Offensive Ability');
INSERT INTO dbo.Attributes VALUES (308,'Suffix','of Soulwarding',14,' Physical Damage');
INSERT INTO dbo.Attributes VALUES (309,'Suffix','of Soulwarding',14,' Vitality Damage');
INSERT INTO dbo.Attributes VALUES (310,'Suffix','of Soulwarding',50,' Health');
INSERT INTO dbo.Attributes VALUES (311,'Suffix','of Scorched Runes',14,' Elemental Damage');
INSERT INTO dbo.Attributes VALUES (312,'Suffix','of Scorched Runes',5,' Elemental Damage');
INSERT INTO dbo.Attributes VALUES (313,'Suffix','of Scorched Runes',8,' Attack Speed');
INSERT INTO dbo.Attributes VALUES (314,'Suffix','of Scorched Runes',8,' Casting Speed');
INSERT INTO dbo.Attributes VALUES (315,'Suffix','of Caged Souls',14,' Vitality Damage');
INSERT INTO dbo.Attributes VALUES (316,'Suffix','of Caged Souls',14,' Aether Damage');
INSERT INTO dbo.Attributes VALUES (317,'Suffix','of Caged Souls',8,' Casting Speed');
INSERT INTO dbo.Attributes VALUES (318,'Suffix','of Celestial Wrath',14,' Lightning Damage');
INSERT INTO dbo.Attributes VALUES (319,'Suffix','of Celestial Wrath',14,' Aether Damage');
INSERT INTO dbo.Attributes VALUES (320,'Suffix','of Celestial Wrath',14,' Offensive Ability');

INSERT INTO dbo.Prizes VALUES (0,127,15,190,2,'WEAPON',7);
INSERT INTO dbo.Prizes VALUES (1,143,165,302,2,'HANDS',1);
INSERT INTO dbo.Prizes VALUES (2,90,73,225,2,'SHOULDERS',6);
INSERT INTO dbo.Prizes VALUES (3,79,30,310,2,'HEAD',0);
INSERT INTO dbo.Prizes VALUES (4,144,195,172,3,'FEET',0);
INSERT INTO dbo.Prizes VALUES (5,121,68,211,3,'HEAD',7);
INSERT INTO dbo.Prizes VALUES (6,70,14,307,4,'WEAPON',7);
INSERT INTO dbo.Prizes VALUES (7,50,76,176,2,'SHOULDERS',4);
INSERT INTO dbo.Prizes VALUES (8,94,156,176,2,'HANDS',5);
INSERT INTO dbo.Prizes VALUES (9,128,28,311,3,'HEAD',1);
INSERT INTO dbo.Prizes VALUES (10,32,3,156,2,'WEAPON',9);
INSERT INTO dbo.Prizes VALUES (11,10,231,236,3,'OFFHAND',4);
INSERT INTO dbo.Prizes VALUES (12,63,227,177,4,'OFFHAND',1);
INSERT INTO dbo.Prizes VALUES (13,126,232,192,5,'OFFHAND',1);
INSERT INTO dbo.Prizes VALUES (14,107,157,314,3,'HANDS',5);
INSERT INTO dbo.Prizes VALUES (15,53,89,159,2,'SHOULDERS',2);
INSERT INTO dbo.Prizes VALUES (16,10,156,188,4,'HANDS',5);
INSERT INTO dbo.Prizes VALUES (17,92,169,166,3,'HANDS',2);
INSERT INTO dbo.Prizes VALUES (18,41,87,316,2,'SHOULDERS',8);
INSERT INTO dbo.Prizes VALUES (19,83,40,241,3,'HEAD',6);
INSERT INTO dbo.Prizes VALUES (20,56,240,280,2,'OFFHAND',3);
INSERT INTO dbo.Prizes VALUES (21,118,79,189,3,'SHOULDERS',3);
INSERT INTO dbo.Prizes VALUES (22,2,178,212,4,'LEGS',6);
INSERT INTO dbo.Prizes VALUES (23,117,227,193,5,'OFFHAND',7);
INSERT INTO dbo.Prizes VALUES (24,129,159,268,4,'HANDS',3);
INSERT INTO dbo.Prizes VALUES (25,13,152,279,4,'HANDS',0);
INSERT INTO dbo.Prizes VALUES (26,80,87,319,5,'SHOULDERS',0);
INSERT INTO dbo.Prizes VALUES (27,105,54,241,3,'HEAD',9);
INSERT INTO dbo.Prizes VALUES (28,71,102,220,6,'CHEST',1);
INSERT INTO dbo.Prizes VALUES (29,108,89,213,6,'SHOULDERS',0);
INSERT INTO dbo.Prizes VALUES (30,5,193,259,5,'LEGS',6);
INSERT INTO dbo.Prizes VALUES (31,100,18,279,5,'WEAPON',5);
INSERT INTO dbo.Prizes VALUES (32,24,170,292,4,'HANDS',4);
INSERT INTO dbo.Prizes VALUES (33,62,236,176,7,'OFFHAND',1);
INSERT INTO dbo.Prizes VALUES (34,93,58,281,5,'HEAD',3);
INSERT INTO dbo.Prizes VALUES (35,149,156,220,6,'HANDS',5);
INSERT INTO dbo.Prizes VALUES (36,37,17,257,5,'WEAPON',4);
INSERT INTO dbo.Prizes VALUES (37,52,9,283,6,'WEAPON',3);
INSERT INTO dbo.Prizes VALUES (38,2,242,283,3,'OFFHAND',8);
INSERT INTO dbo.Prizes VALUES (39,4,165,185,6,'HANDS',7);
INSERT INTO dbo.Prizes VALUES (40,122,2,272,7,'WEAPON',5);
INSERT INTO dbo.Prizes VALUES (41,57,77,206,4,'SHOULDERS',2);
INSERT INTO dbo.Prizes VALUES (42,128,209,192,7,'FEET',7);
INSERT INTO dbo.Prizes VALUES (43,90,32,209,8,'HEAD',1);
INSERT INTO dbo.Prizes VALUES (44,20,105,180,8,'CHEST',7);
INSERT INTO dbo.Prizes VALUES (45,32,48,177,9,'HEAD',1);
INSERT INTO dbo.Prizes VALUES (46,118,63,246,7,'HEAD',3);
INSERT INTO dbo.Prizes VALUES (47,112,144,298,8,'CHEST',5);
INSERT INTO dbo.Prizes VALUES (48,86,31,258,4,'HEAD',9);
INSERT INTO dbo.Prizes VALUES (49,4,16,262,4,'WEAPON',8);
INSERT INTO dbo.Prizes VALUES (50,100,173,261,10,'LEGS',1);
INSERT INTO dbo.Prizes VALUES (51,142,191,247,9,'LEGS',5);
INSERT INTO dbo.Prizes VALUES (52,55,163,187,11,'HANDS',1);
INSERT INTO dbo.Prizes VALUES (53,77,97,184,5,'SHOULDERS',8);
INSERT INTO dbo.Prizes VALUES (54,112,166,320,8,'HANDS',3);
INSERT INTO dbo.Prizes VALUES (55,50,122,287,5,'CHEST',2);
INSERT INTO dbo.Prizes VALUES (56,18,125,296,10,'CHEST',5);
INSERT INTO dbo.Prizes VALUES (57,89,3,250,9,'WEAPON',3);
INSERT INTO dbo.Prizes VALUES (58,59,133,249,5,'CHEST',9);
INSERT INTO dbo.Prizes VALUES (59,56,160,302,6,'HANDS',8);
INSERT INTO dbo.Prizes VALUES (60,71,172,242,6,'LEGS',6);
INSERT INTO dbo.Prizes VALUES (61,36,238,315,6,'OFFHAND',2);
INSERT INTO dbo.Prizes VALUES (62,30,231,237,10,'OFFHAND',3);
INSERT INTO dbo.Prizes VALUES (63,56,220,212,7,'OFFHAND',0);
INSERT INTO dbo.Prizes VALUES (64,111,133,249,8,'CHEST',0);
INSERT INTO dbo.Prizes VALUES (65,29,124,271,12,'CHEST',1);
INSERT INTO dbo.Prizes VALUES (66,75,154,173,13,'HANDS',1);
INSERT INTO dbo.Prizes VALUES (67,25,174,181,11,'LEGS',5);
INSERT INTO dbo.Prizes VALUES (68,14,79,218,7,'SHOULDERS',8);
INSERT INTO dbo.Prizes VALUES (69,2,203,206,6,'FEET',4);
INSERT INTO dbo.Prizes VALUES (70,145,198,205,7,'FEET',6);
INSERT INTO dbo.Prizes VALUES (71,39,27,165,7,'HEAD',4);
INSERT INTO dbo.Prizes VALUES (72,140,189,199,8,'LEGS',4);
INSERT INTO dbo.Prizes VALUES (73,65,90,273,8,'SHOULDERS',8);
INSERT INTO dbo.Prizes VALUES (74,65,186,178,11,'LEGS',3);
INSERT INTO dbo.Prizes VALUES (75,7,136,207,7,'CHEST',2);
INSERT INTO dbo.Prizes VALUES (76,40,182,166,14,'LEGS',1);
INSERT INTO dbo.Prizes VALUES (77,37,231,208,8,'OFFHAND',6);
INSERT INTO dbo.Prizes VALUES (78,66,60,160,9,'HEAD',0);
INSERT INTO dbo.Prizes VALUES (79,46,201,160,12,'FEET',5);
INSERT INTO dbo.Prizes VALUES (80,54,188,236,13,'LEGS',5);
INSERT INTO dbo.Prizes VALUES (81,92,148,170,12,'CHEST',3);
INSERT INTO dbo.Prizes VALUES (82,22,98,213,8,'SHOULDERS',2);
INSERT INTO dbo.Prizes VALUES (83,94,96,250,9,'SHOULDERS',2);
INSERT INTO dbo.Prizes VALUES (84,91,182,194,14,'LEGS',5);
INSERT INTO dbo.Prizes VALUES (85,146,205,238,9,'FEET',6);
INSERT INTO dbo.Prizes VALUES (86,30,99,160,10,'SHOULDERS',0);
INSERT INTO dbo.Prizes VALUES (87,22,81,271,13,'SHOULDERS',3);
INSERT INTO dbo.Prizes VALUES (88,127,143,221,14,'CHEST',3);
INSERT INTO dbo.Prizes VALUES (89,85,208,156,9,'FEET',7);
INSERT INTO dbo.Prizes VALUES (90,13,56,251,9,'HEAD',8);
INSERT INTO dbo.Prizes VALUES (91,60,188,201,10,'LEGS',6);
INSERT INTO dbo.Prizes VALUES (92,149,210,200,11,'FEET',0);
INSERT INTO dbo.Prizes VALUES (93,41,221,197,6,'OFFHAND',9);
INSERT INTO dbo.Prizes VALUES (94,107,193,312,10,'LEGS',2);
INSERT INTO dbo.Prizes VALUES (95,60,73,183,15,'SHOULDERS',1);
INSERT INTO dbo.Prizes VALUES (96,77,50,218,15,'HEAD',5);
INSERT INTO dbo.Prizes VALUES (97,38,234,270,11,'OFFHAND',2);
INSERT INTO dbo.Prizes VALUES (98,27,179,307,12,'LEGS',2);
INSERT INTO dbo.Prizes VALUES (99,52,214,239,7,'FEET',9);
INSERT INTO dbo.Prizes VALUES (100,6,6,242,12,'WEAPON',0);
INSERT INTO dbo.Prizes VALUES (101,104,54,228,9,'HEAD',4);
INSERT INTO dbo.Prizes VALUES (102,4,11,180,13,'WEAPON',2);
INSERT INTO dbo.Prizes VALUES (103,24,189,157,10,'LEGS',4);
INSERT INTO dbo.Prizes VALUES (104,94,162,268,16,'HANDS',1);
INSERT INTO dbo.Prizes VALUES (105,118,24,263,13,'WEAPON',0);
INSERT INTO dbo.Prizes VALUES (106,103,191,166,14,'LEGS',0);
INSERT INTO dbo.Prizes VALUES (107,28,46,231,14,'HEAD',2);
INSERT INTO dbo.Prizes VALUES (108,60,81,291,15,'SHOULDERS',2);
INSERT INTO dbo.Prizes VALUES (109,141,88,205,11,'SHOULDERS',4);
INSERT INTO dbo.Prizes VALUES (110,76,79,184,17,'SHOULDERS',1);
INSERT INTO dbo.Prizes VALUES (111,114,181,189,11,'LEGS',6);
INSERT INTO dbo.Prizes VALUES (112,29,146,167,10,'CHEST',7);
INSERT INTO dbo.Prizes VALUES (113,129,215,306,12,'FEET',6);
INSERT INTO dbo.Prizes VALUES (114,49,93,198,8,'SHOULDERS',9);
INSERT INTO dbo.Prizes VALUES (115,141,166,253,18,'HANDS',1);
INSERT INTO dbo.Prizes VALUES (116,9,47,278,15,'HEAD',3);
INSERT INTO dbo.Prizes VALUES (117,12,158,154,13,'HANDS',6);
INSERT INTO dbo.Prizes VALUES (118,76,150,252,11,'HANDS',7);
INSERT INTO dbo.Prizes VALUES (119,60,30,169,16,'HEAD',5);
INSERT INTO dbo.Prizes VALUES (120,144,162,286,16,'HANDS',2);
INSERT INTO dbo.Prizes VALUES (121,26,138,313,14,'CHEST',6);
INSERT INTO dbo.Prizes VALUES (122,79,37,192,10,'HEAD',8);
INSERT INTO dbo.Prizes VALUES (123,143,75,314,16,'SHOULDERS',3);
INSERT INTO dbo.Prizes VALUES (124,7,234,279,15,'OFFHAND',0);
INSERT INTO dbo.Prizes VALUES (125,88,3,173,11,'WEAPON',8);
INSERT INTO dbo.Prizes VALUES (126,130,180,180,12,'LEGS',7);
INSERT INTO dbo.Prizes VALUES (127,9,131,238,17,'CHEST',2);
INSERT INTO dbo.Prizes VALUES (128,28,180,257,12,'LEGS',8);
INSERT INTO dbo.Prizes VALUES (129,121,18,203,19,'WEAPON',1);
INSERT INTO dbo.Prizes VALUES (130,77,152,307,13,'HANDS',7);
INSERT INTO dbo.Prizes VALUES (131,144,140,309,20,'CHEST',1);
INSERT INTO dbo.Prizes VALUES (132,116,231,166,15,'OFFHAND',6);
INSERT INTO dbo.Prizes VALUES (133,99,214,293,9,'FEET',9);
INSERT INTO dbo.Prizes VALUES (134,107,186,177,18,'LEGS',2);
INSERT INTO dbo.Prizes VALUES (135,109,234,239,21,'OFFHAND',1);
INSERT INTO dbo.Prizes VALUES (136,87,207,315,19,'FEET',2);
INSERT INTO dbo.Prizes VALUES (137,123,225,281,20,'OFFHAND',2);
INSERT INTO dbo.Prizes VALUES (138,84,189,317,14,'LEGS',7);
INSERT INTO dbo.Prizes VALUES (139,147,185,168,21,'LEGS',2);
INSERT INTO dbo.Prizes VALUES (140,59,98,262,13,'SHOULDERS',8);
INSERT INTO dbo.Prizes VALUES (141,95,219,151,15,'OFFHAND',7);
INSERT INTO dbo.Prizes VALUES (142,15,14,284,17,'WEAPON',3);
INSERT INTO dbo.Prizes VALUES (143,13,147,230,16,'CHEST',0);
INSERT INTO dbo.Prizes VALUES (144,57,178,291,22,'LEGS',1);
INSERT INTO dbo.Prizes VALUES (145,25,55,175,17,'HEAD',0);
INSERT INTO dbo.Prizes VALUES (146,85,220,203,14,'OFFHAND',8);
INSERT INTO dbo.Prizes VALUES (147,122,181,227,16,'LEGS',6);
INSERT INTO dbo.Prizes VALUES (148,63,195,265,15,'FEET',8);
INSERT INTO dbo.Prizes VALUES (149,66,217,308,10,'FEET',9);
INSERT INTO dbo.Prizes VALUES (150,5,27,159,17,'HEAD',5);
INSERT INTO dbo.Prizes VALUES (151,121,109,191,23,'CHEST',1);
INSERT INTO dbo.Prizes VALUES (152,130,236,206,18,'OFFHAND',3);
INSERT INTO dbo.Prizes VALUES (153,140,135,292,11,'CHEST',9);
INSERT INTO dbo.Prizes VALUES (154,31,200,276,16,'FEET',7);
INSERT INTO dbo.Prizes VALUES (155,83,117,192,17,'CHEST',7);
INSERT INTO dbo.Prizes VALUES (156,137,238,160,22,'OFFHAND',2);
INSERT INTO dbo.Prizes VALUES (157,131,160,174,18,'HANDS',7);
INSERT INTO dbo.Prizes VALUES (158,142,19,305,19,'WEAPON',3);
INSERT INTO dbo.Prizes VALUES (159,33,220,199,12,'OFFHAND',9);
INSERT INTO dbo.Prizes VALUES (160,102,160,259,20,'HANDS',3);
INSERT INTO dbo.Prizes VALUES (161,13,170,242,16,'HANDS',8);
INSERT INTO dbo.Prizes VALUES (162,104,210,205,19,'FEET',7);
INSERT INTO dbo.Prizes VALUES (163,92,31,299,17,'HEAD',6);
INSERT INTO dbo.Prizes VALUES (164,133,50,153,21,'HEAD',3);
INSERT INTO dbo.Prizes VALUES (165,147,185,263,18,'LEGS',5);
INSERT INTO dbo.Prizes VALUES (166,68,225,249,20,'OFFHAND',7);
INSERT INTO dbo.Prizes VALUES (167,50,233,304,23,'OFFHAND',2);
INSERT INTO dbo.Prizes VALUES (168,103,11,315,21,'WEAPON',7);
INSERT INTO dbo.Prizes VALUES (169,75,177,285,22,'LEGS',7);
INSERT INTO dbo.Prizes VALUES (170,72,212,171,18,'FEET',0);
INSERT INTO dbo.Prizes VALUES (171,119,207,265,18,'FEET',6);
INSERT INTO dbo.Prizes VALUES (172,53,88,252,12,'SHOULDERS',4);
INSERT INTO dbo.Prizes VALUES (173,128,216,154,19,'FEET',6);
INSERT INTO dbo.Prizes VALUES (174,83,193,229,19,'LEGS',5);
INSERT INTO dbo.Prizes VALUES (175,40,152,245,13,'HANDS',4);
INSERT INTO dbo.Prizes VALUES (176,123,168,250,20,'HANDS',5);
INSERT INTO dbo.Prizes VALUES (177,145,128,189,20,'CHEST',6);
INSERT INTO dbo.Prizes VALUES (178,77,203,209,24,'FEET',1);
INSERT INTO dbo.Prizes VALUES (179,70,188,165,23,'LEGS',7);
INSERT INTO dbo.Prizes VALUES (180,37,194,175,21,'FEET',6);
INSERT INTO dbo.Prizes VALUES (181,112,82,185,17,'SHOULDERS',8);
INSERT INTO dbo.Prizes VALUES (182,59,144,212,21,'CHEST',5);
INSERT INTO dbo.Prizes VALUES (183,76,170,309,22,'HANDS',3);
INSERT INTO dbo.Prizes VALUES (184,118,46,274,24,'HEAD',7);
INSERT INTO dbo.Prizes VALUES (185,91,78,230,14,'SHOULDERS',4);
INSERT INTO dbo.Prizes VALUES (186,15,2,209,22,'WEAPON',6);
INSERT INTO dbo.Prizes VALUES (187,36,54,218,15,'HEAD',4);
INSERT INTO dbo.Prizes VALUES (188,16,206,316,16,'FEET',4);
INSERT INTO dbo.Prizes VALUES (189,45,19,254,24,'WEAPON',2);
INSERT INTO dbo.Prizes VALUES (190,24,39,277,17,'HEAD',4);
INSERT INTO dbo.Prizes VALUES (191,31,239,288,23,'OFFHAND',6);
INSERT INTO dbo.Prizes VALUES (192,133,196,225,23,'FEET',3);
INSERT INTO dbo.Prizes VALUES (193,123,224,185,24,'OFFHAND',6);
INSERT INTO dbo.Prizes VALUES (194,83,218,157,19,'OFFHAND',0);
INSERT INTO dbo.Prizes VALUES (195,5,79,258,18,'SHOULDERS',4);
INSERT INTO dbo.Prizes VALUES (196,77,81,217,18,'SHOULDERS',8);
INSERT INTO dbo.Prizes VALUES (197,68,54,215,20,'HEAD',0);
INSERT INTO dbo.Prizes VALUES (198,90,136,177,25,'CHEST',6);
INSERT INTO dbo.Prizes VALUES (199,47,190,200,25,'LEGS',1);
INSERT INTO dbo.Prizes VALUES (200,48,191,163,13,'LEGS',9);
INSERT INTO dbo.Prizes VALUES (201,22,161,168,21,'HANDS',0);
INSERT INTO dbo.Prizes VALUES (202,66,201,180,25,'FEET',7);
INSERT INTO dbo.Prizes VALUES (203,80,78,241,19,'SHOULDERS',4);
INSERT INTO dbo.Prizes VALUES (204,30,163,259,20,'HANDS',4);
INSERT INTO dbo.Prizes VALUES (205,44,39,206,19,'HEAD',8);
INSERT INTO dbo.Prizes VALUES (206,26,183,281,22,'LEGS',0);
INSERT INTO dbo.Prizes VALUES (207,126,19,153,24,'WEAPON',3);
INSERT INTO dbo.Prizes VALUES (208,105,5,214,26,'WEAPON',1);
INSERT INTO dbo.Prizes VALUES (209,146,149,189,26,'CHEST',6);
INSERT INTO dbo.Prizes VALUES (210,11,141,268,21,'CHEST',4);
INSERT INTO dbo.Prizes VALUES (211,16,135,206,26,'CHEST',7);
INSERT INTO dbo.Prizes VALUES (212,87,232,203,20,'OFFHAND',8);
INSERT INTO dbo.Prizes VALUES (213,118,167,154,27,'HANDS',6);
INSERT INTO dbo.Prizes VALUES (214,25,153,193,22,'HANDS',4);
INSERT INTO dbo.Prizes VALUES (215,32,11,310,25,'WEAPON',3);
INSERT INTO dbo.Prizes VALUES (216,21,231,166,22,'OFFHAND',5);
INSERT INTO dbo.Prizes VALUES (217,78,171,220,23,'HANDS',4);
INSERT INTO dbo.Prizes VALUES (218,122,152,153,23,'HANDS',5);
INSERT INTO dbo.Prizes VALUES (219,40,124,234,14,'CHEST',9);
INSERT INTO dbo.Prizes VALUES (220,117,222,303,24,'OFFHAND',5);
INSERT INTO dbo.Prizes VALUES (221,143,15,259,27,'WEAPON',7);
INSERT INTO dbo.Prizes VALUES (222,39,205,154,26,'FEET',3);
INSERT INTO dbo.Prizes VALUES (223,58,218,299,28,'OFFHAND',7);
INSERT INTO dbo.Prizes VALUES (224,24,105,158,15,'CHEST',9);
INSERT INTO dbo.Prizes VALUES (225,129,132,251,16,'CHEST',9);
INSERT INTO dbo.Prizes VALUES (226,126,96,278,27,'SHOULDERS',3);
INSERT INTO dbo.Prizes VALUES (227,115,105,247,23,'CHEST',0);
INSERT INTO dbo.Prizes VALUES (228,122,13,237,25,'WEAPON',2);
INSERT INTO dbo.Prizes VALUES (229,67,9,191,24,'WEAPON',4);
INSERT INTO dbo.Prizes VALUES (230,57,226,298,24,'OFFHAND',0);
INSERT INTO dbo.Prizes VALUES (231,70,218,195,27,'OFFHAND',1);
INSERT INTO dbo.Prizes VALUES (232,42,94,279,26,'SHOULDERS',2);
INSERT INTO dbo.Prizes VALUES (233,2,185,257,25,'LEGS',5);
INSERT INTO dbo.Prizes VALUES (234,56,176,184,28,'LEGS',1);
INSERT INTO dbo.Prizes VALUES (235,146,95,268,29,'SHOULDERS',1);
INSERT INTO dbo.Prizes VALUES (236,33,56,204,26,'HEAD',5);
INSERT INTO dbo.Prizes VALUES (237,15,20,275,27,'WEAPON',2);
INSERT INTO dbo.Prizes VALUES (238,123,220,235,28,'OFFHAND',6);
INSERT INTO dbo.Prizes VALUES (239,26,181,175,25,'LEGS',4);
INSERT INTO dbo.Prizes VALUES (240,88,115,308,28,'CHEST',3);
INSERT INTO dbo.Prizes VALUES (241,45,167,296,21,'HANDS',8);
INSERT INTO dbo.Prizes VALUES (242,54,193,249,17,'LEGS',9);
INSERT INTO dbo.Prizes VALUES (243,67,32,168,30,'HEAD',1);
INSERT INTO dbo.Prizes VALUES (244,60,221,318,27,'OFFHAND',5);
INSERT INTO dbo.Prizes VALUES (245,101,174,219,28,'LEGS',2);
INSERT INTO dbo.Prizes VALUES (246,69,169,231,25,'HANDS',0);
INSERT INTO dbo.Prizes VALUES (247,26,187,186,22,'LEGS',8);
INSERT INTO dbo.Prizes VALUES (248,57,198,268,29,'FEET',3);
INSERT INTO dbo.Prizes VALUES (249,96,169,164,26,'HANDS',4);
INSERT INTO dbo.Prizes VALUES (250,147,5,154,31,'WEAPON',1);
INSERT INTO dbo.Prizes VALUES (251,149,31,193,29,'HEAD',2);
INSERT INTO dbo.Prizes VALUES (252,138,213,314,29,'FEET',7);
INSERT INTO dbo.Prizes VALUES (253,78,93,241,30,'SHOULDERS',7);
INSERT INTO dbo.Prizes VALUES (254,24,85,196,28,'SHOULDERS',5);
INSERT INTO dbo.Prizes VALUES (255,133,238,157,30,'OFFHAND',3);
INSERT INTO dbo.Prizes VALUES (256,30,191,296,23,'LEGS',8);
INSERT INTO dbo.Prizes VALUES (257,138,216,303,30,'FEET',2);
INSERT INTO dbo.Prizes VALUES (258,25,201,276,18,'FEET',9);
INSERT INTO dbo.Prizes VALUES (259,111,75,304,29,'SHOULDERS',6);
INSERT INTO dbo.Prizes VALUES (260,9,154,201,31,'HANDS',3);
INSERT INTO dbo.Prizes VALUES (261,42,158,238,31,'HANDS',2);
INSERT INTO dbo.Prizes VALUES (262,59,167,243,32,'HANDS',1);
INSERT INTO dbo.Prizes VALUES (263,117,193,299,19,'LEGS',9);
INSERT INTO dbo.Prizes VALUES (264,97,215,181,24,'FEET',8);
INSERT INTO dbo.Prizes VALUES (265,100,96,228,26,'SHOULDERS',0);
INSERT INTO dbo.Prizes VALUES (266,103,153,232,32,'HANDS',3);
INSERT INTO dbo.Prizes VALUES (267,50,51,177,27,'HEAD',0);
INSERT INTO dbo.Prizes VALUES (268,35,17,156,25,'WEAPON',8);
INSERT INTO dbo.Prizes VALUES (269,35,241,178,33,'OFFHAND',3);
INSERT INTO dbo.Prizes VALUES (270,13,74,181,34,'SHOULDERS',3);
INSERT INTO dbo.Prizes VALUES (271,145,143,302,31,'CHEST',7);
INSERT INTO dbo.Prizes VALUES (272,106,232,314,27,'OFFHAND',4);
INSERT INTO dbo.Prizes VALUES (273,82,188,243,28,'LEGS',4);
INSERT INTO dbo.Prizes VALUES (274,89,166,227,29,'HANDS',4);
INSERT INTO dbo.Prizes VALUES (275,100,42,291,33,'HEAD',1);
INSERT INTO dbo.Prizes VALUES (276,78,74,209,26,'SHOULDERS',8);
INSERT INTO dbo.Prizes VALUES (277,82,165,293,28,'HANDS',0);
INSERT INTO dbo.Prizes VALUES (278,83,147,171,30,'CHEST',4);
INSERT INTO dbo.Prizes VALUES (279,67,121,203,20,'CHEST',9);
INSERT INTO dbo.Prizes VALUES (280,2,216,256,29,'FEET',5);
INSERT INTO dbo.Prizes VALUES (281,33,146,273,21,'CHEST',9);
INSERT INTO dbo.Prizes VALUES (282,43,92,181,32,'SHOULDERS',7);
INSERT INTO dbo.Prizes VALUES (283,18,148,307,35,'CHEST',3);
INSERT INTO dbo.Prizes VALUES (284,90,115,180,29,'CHEST',0);
INSERT INTO dbo.Prizes VALUES (285,133,204,278,31,'FEET',4);
INSERT INTO dbo.Prizes VALUES (286,143,60,313,30,'HEAD',6);
INSERT INTO dbo.Prizes VALUES (287,63,135,198,36,'CHEST',3);
INSERT INTO dbo.Prizes VALUES (288,109,112,163,27,'CHEST',8);
INSERT INTO dbo.Prizes VALUES (289,41,59,225,32,'HEAD',2);
INSERT INTO dbo.Prizes VALUES (290,140,174,214,30,'LEGS',0);
INSERT INTO dbo.Prizes VALUES (291,77,179,237,28,'LEGS',8);
INSERT INTO dbo.Prizes VALUES (292,139,227,217,33,'OFFHAND',7);
INSERT INTO dbo.Prizes VALUES (293,111,226,312,22,'OFFHAND',9);
INSERT INTO dbo.Prizes VALUES (294,81,11,313,23,'WEAPON',9);
INSERT INTO dbo.Prizes VALUES (295,105,174,235,30,'LEGS',5);
INSERT INTO dbo.Prizes VALUES (296,34,209,282,24,'FEET',9);
INSERT INTO dbo.Prizes VALUES (297,12,92,192,31,'SHOULDERS',0);
INSERT INTO dbo.Prizes VALUES (298,94,95,213,31,'SHOULDERS',5);
INSERT INTO dbo.Prizes VALUES (299,142,221,282,34,'OFFHAND',7);
INSERT INTO dbo.Prizes VALUES (300,40,37,232,32,'HEAD',5);
INSERT INTO dbo.Prizes VALUES (301,14,70,257,33,'HEAD',5);
INSERT INTO dbo.Prizes VALUES (302,98,2,231,34,'WEAPON',5);
INSERT INTO dbo.Prizes VALUES (303,27,193,290,32,'LEGS',0);
INSERT INTO dbo.Prizes VALUES (304,126,156,192,25,'HANDS',9);
INSERT INTO dbo.Prizes VALUES (305,129,146,231,29,'CHEST',8);
INSERT INTO dbo.Prizes VALUES (306,117,89,182,35,'SHOULDERS',5);
INSERT INTO dbo.Prizes VALUES (307,12,184,220,33,'LEGS',2);
INSERT INTO dbo.Prizes VALUES (308,141,140,258,36,'CHEST',5);
INSERT INTO dbo.Prizes VALUES (309,112,90,179,34,'SHOULDERS',1);
INSERT INTO dbo.Prizes VALUES (310,93,217,276,35,'FEET',7);
INSERT INTO dbo.Prizes VALUES (311,44,183,285,32,'LEGS',4);
INSERT INTO dbo.Prizes VALUES (312,94,25,163,34,'HEAD',2);
INSERT INTO dbo.Prizes VALUES (313,91,90,274,33,'SHOULDERS',4);
INSERT INTO dbo.Prizes VALUES (314,25,116,183,37,'CHEST',3);
INSERT INTO dbo.Prizes VALUES (315,33,177,245,36,'LEGS',7);
INSERT INTO dbo.Prizes VALUES (316,139,71,291,34,'HEAD',4);
INSERT INTO dbo.Prizes VALUES (317,67,1,309,30,'WEAPON',8);
INSERT INTO dbo.Prizes VALUES (318,139,190,172,26,'LEGS',9);
INSERT INTO dbo.Prizes VALUES (319,146,134,193,37,'CHEST',7);
INSERT INTO dbo.Prizes VALUES (320,127,131,157,35,'CHEST',1);
INSERT INTO dbo.Prizes VALUES (321,88,94,243,38,'SHOULDERS',7);
INSERT INTO dbo.Prizes VALUES (322,12,228,296,35,'OFFHAND',4);
INSERT INTO dbo.Prizes VALUES (323,4,26,162,39,'HEAD',7);
INSERT INTO dbo.Prizes VALUES (324,117,165,302,35,'HANDS',2);
INSERT INTO dbo.Prizes VALUES (325,86,6,219,37,'WEAPON',5);
INSERT INTO dbo.Prizes VALUES (326,103,126,197,38,'CHEST',3);
INSERT INTO dbo.Prizes VALUES (327,49,86,265,39,'SHOULDERS',3);
INSERT INTO dbo.Prizes VALUES (328,143,213,287,36,'FEET',1);
INSERT INTO dbo.Prizes VALUES (329,40,5,164,40,'WEAPON',3);
INSERT INTO dbo.Prizes VALUES (330,108,216,191,38,'FEET',5);
INSERT INTO dbo.Prizes VALUES (331,99,200,260,27,'FEET',9);
INSERT INTO dbo.Prizes VALUES (332,86,93,229,28,'SHOULDERS',9);
INSERT INTO dbo.Prizes VALUES (333,17,44,164,29,'HEAD',9);
INSERT INTO dbo.Prizes VALUES (334,97,74,303,37,'SHOULDERS',1);
INSERT INTO dbo.Prizes VALUES (335,71,33,198,31,'HEAD',6);
INSERT INTO dbo.Prizes VALUES (336,145,194,187,40,'FEET',7);
INSERT INTO dbo.Prizes VALUES (337,57,147,264,30,'CHEST',9);
INSERT INTO dbo.Prizes VALUES (338,80,208,209,36,'FEET',2);
INSERT INTO dbo.Prizes VALUES (339,47,123,196,31,'CHEST',9);
INSERT INTO dbo.Prizes VALUES (340,116,213,170,36,'FEET',4);
INSERT INTO dbo.Prizes VALUES (341,109,205,276,37,'FEET',2);
INSERT INTO dbo.Prizes VALUES (342,65,116,293,41,'CHEST',7);
INSERT INTO dbo.Prizes VALUES (343,145,133,271,33,'CHEST',0);
INSERT INTO dbo.Prizes VALUES (344,37,196,243,42,'FEET',7);
INSERT INTO dbo.Prizes VALUES (345,58,145,231,37,'CHEST',4);
INSERT INTO dbo.Prizes VALUES (346,38,89,163,38,'SHOULDERS',2);
INSERT INTO dbo.Prizes VALUES (347,99,163,208,38,'HANDS',4);
INSERT INTO dbo.Prizes VALUES (348,82,136,179,39,'CHEST',4);
INSERT INTO dbo.Prizes VALUES (349,32,157,178,38,'HANDS',1);
INSERT INTO dbo.Prizes VALUES (350,85,77,273,39,'SHOULDERS',2);
INSERT INTO dbo.Prizes VALUES (351,118,223,302,31,'OFFHAND',8);
INSERT INTO dbo.Prizes VALUES (352,25,235,281,32,'OFFHAND',6);
INSERT INTO dbo.Prizes VALUES (353,96,42,286,39,'HEAD',5);
INSERT INTO dbo.Prizes VALUES (354,126,215,155,41,'FEET',3);
INSERT INTO dbo.Prizes VALUES (355,146,206,190,40,'FEET',5);
INSERT INTO dbo.Prizes VALUES (356,116,239,180,43,'OFFHAND',7);
INSERT INTO dbo.Prizes VALUES (357,148,97,274,44,'SHOULDERS',7);
INSERT INTO dbo.Prizes VALUES (358,84,87,182,32,'SHOULDERS',9);
INSERT INTO dbo.Prizes VALUES (359,87,172,311,45,'LEGS',7);
INSERT INTO dbo.Prizes VALUES (360,147,198,290,33,'FEET',9);
INSERT INTO dbo.Prizes VALUES (361,137,62,230,41,'HEAD',5);
INSERT INTO dbo.Prizes VALUES (362,57,4,273,42,'WEAPON',5);
INSERT INTO dbo.Prizes VALUES (363,11,153,246,33,'HANDS',6);
INSERT INTO dbo.Prizes VALUES (364,87,214,273,39,'FEET',1);
INSERT INTO dbo.Prizes VALUES (365,43,66,187,32,'HEAD',8);
INSERT INTO dbo.Prizes VALUES (366,45,190,296,42,'LEGS',3);
INSERT INTO dbo.Prizes VALUES (367,131,234,287,40,'OFFHAND',2);
INSERT INTO dbo.Prizes VALUES (368,31,67,161,40,'HEAD',4);
INSERT INTO dbo.Prizes VALUES (369,23,135,254,43,'CHEST',3);
INSERT INTO dbo.Prizes VALUES (370,36,234,223,41,'OFFHAND',4);
INSERT INTO dbo.Prizes VALUES (371,121,23,268,42,'WEAPON',4);
INSERT INTO dbo.Prizes VALUES (372,97,191,293,40,'LEGS',1);
INSERT INTO dbo.Prizes VALUES (373,111,26,224,34,'HEAD',6);
INSERT INTO dbo.Prizes VALUES (374,14,225,194,34,'OFFHAND',9);
INSERT INTO dbo.Prizes VALUES (375,141,197,286,35,'FEET',6);
INSERT INTO dbo.Prizes VALUES (376,12,11,159,41,'WEAPON',1);
INSERT INTO dbo.Prizes VALUES (377,103,7,241,35,'WEAPON',9);
INSERT INTO dbo.Prizes VALUES (378,136,52,313,36,'HEAD',9);
INSERT INTO dbo.Prizes VALUES (379,106,20,157,36,'WEAPON',6);
INSERT INTO dbo.Prizes VALUES (380,11,73,255,43,'SHOULDERS',5);
INSERT INTO dbo.Prizes VALUES (381,8,29,276,37,'HEAD',6);
INSERT INTO dbo.Prizes VALUES (382,138,97,257,44,'SHOULDERS',5);
INSERT INTO dbo.Prizes VALUES (383,59,119,303,34,'CHEST',0);
INSERT INTO dbo.Prizes VALUES (384,37,177,282,38,'LEGS',6);
INSERT INTO dbo.Prizes VALUES (385,147,28,315,46,'HEAD',7);
INSERT INTO dbo.Prizes VALUES (386,123,231,308,42,'OFFHAND',1);
INSERT INTO dbo.Prizes VALUES (387,85,113,167,43,'CHEST',4);
INSERT INTO dbo.Prizes VALUES (388,102,92,282,37,'SHOULDERS',9);
INSERT INTO dbo.Prizes VALUES (389,105,210,151,33,'FEET',8);
INSERT INTO dbo.Prizes VALUES (390,81,171,240,41,'HANDS',2);
INSERT INTO dbo.Prizes VALUES (391,43,80,282,35,'SHOULDERS',0);
INSERT INTO dbo.Prizes VALUES (392,23,197,177,47,'FEET',7);
INSERT INTO dbo.Prizes VALUES (393,8,7,151,44,'WEAPON',3);
INSERT INTO dbo.Prizes VALUES (394,23,220,248,45,'OFFHAND',5);
INSERT INTO dbo.Prizes VALUES (395,111,21,217,38,'WEAPON',9);
INSERT INTO dbo.Prizes VALUES (396,141,208,291,48,'FEET',7);
INSERT INTO dbo.Prizes VALUES (397,86,188,185,45,'LEGS',3);
INSERT INTO dbo.Prizes VALUES (398,3,213,281,34,'FEET',8);
INSERT INTO dbo.Prizes VALUES (399,126,93,152,42,'SHOULDERS',2);
INSERT INTO dbo.Prizes VALUES (400,41,172,286,44,'LEGS',4);
INSERT INTO dbo.Prizes VALUES (401,40,96,158,49,'SHOULDERS',7);
INSERT INTO dbo.Prizes VALUES (402,112,213,277,46,'FEET',5);
INSERT INTO dbo.Prizes VALUES (403,36,171,303,39,'HANDS',9);
INSERT INTO dbo.Prizes VALUES (404,103,11,257,43,'WEAPON',1);
INSERT INTO dbo.Prizes VALUES (405,50,240,302,35,'OFFHAND',8);
INSERT INTO dbo.Prizes VALUES (406,10,54,194,44,'HEAD',1);
INSERT INTO dbo.Prizes VALUES (407,12,88,153,43,'SHOULDERS',2);
INSERT INTO dbo.Prizes VALUES (408,49,156,271,45,'HANDS',4);
INSERT INTO dbo.Prizes VALUES (409,95,127,251,36,'CHEST',0);
INSERT INTO dbo.Prizes VALUES (410,94,154,245,50,'HANDS',7);
INSERT INTO dbo.Prizes VALUES (411,125,201,218,39,'FEET',6);
INSERT INTO dbo.Prizes VALUES (412,72,88,222,36,'SHOULDERS',8);
INSERT INTO dbo.Prizes VALUES (413,143,83,189,40,'SHOULDERS',9);
INSERT INTO dbo.Prizes VALUES (414,59,99,311,47,'SHOULDERS',5);
INSERT INTO dbo.Prizes VALUES (415,69,200,275,44,'FEET',2);
INSERT INTO dbo.Prizes VALUES (416,71,154,257,41,'HANDS',9);
INSERT INTO dbo.Prizes VALUES (417,91,54,214,37,'HEAD',0);
INSERT INTO dbo.Prizes VALUES (418,118,67,189,42,'HEAD',9);
INSERT INTO dbo.Prizes VALUES (419,20,12,169,45,'WEAPON',2);
INSERT INTO dbo.Prizes VALUES (420,6,233,162,48,'OFFHAND',5);
INSERT INTO dbo.Prizes VALUES (421,136,225,182,40,'OFFHAND',6);
INSERT INTO dbo.Prizes VALUES (422,18,96,284,46,'SHOULDERS',3);
INSERT INTO dbo.Prizes VALUES (423,66,16,229,46,'WEAPON',4);
INSERT INTO dbo.Prizes VALUES (424,39,215,306,49,'FEET',5);
INSERT INTO dbo.Prizes VALUES (425,32,121,238,47,'CHEST',4);
INSERT INTO dbo.Prizes VALUES (426,132,211,296,37,'FEET',8);
INSERT INTO dbo.Prizes VALUES (427,14,190,156,50,'LEGS',5);
INSERT INTO dbo.Prizes VALUES (428,114,205,214,48,'FEET',4);
INSERT INTO dbo.Prizes VALUES (429,63,195,150,38,'FEET',0);
INSERT INTO dbo.Prizes VALUES (430,56,34,158,43,'HEAD',9);
INSERT INTO dbo.Prizes VALUES (431,66,84,251,39,'SHOULDERS',0);
INSERT INTO dbo.Prizes VALUES (432,90,83,308,46,'SHOULDERS',2);
INSERT INTO dbo.Prizes VALUES (433,74,144,232,38,'CHEST',8);
INSERT INTO dbo.Prizes VALUES (434,135,214,253,51,'FEET',5);
INSERT INTO dbo.Prizes VALUES (435,141,90,224,40,'SHOULDERS',0);
INSERT INTO dbo.Prizes VALUES (436,83,229,219,41,'OFFHAND',6);
INSERT INTO dbo.Prizes VALUES (437,10,121,234,44,'CHEST',9);
INSERT INTO dbo.Prizes VALUES (438,2,22,160,51,'WEAPON',7);
INSERT INTO dbo.Prizes VALUES (439,69,188,166,39,'LEGS',8);
INSERT INTO dbo.Prizes VALUES (440,41,149,186,47,'CHEST',3);
INSERT INTO dbo.Prizes VALUES (441,24,159,186,48,'HANDS',3);
INSERT INTO dbo.Prizes VALUES (442,148,98,231,52,'SHOULDERS',5);
INSERT INTO dbo.Prizes VALUES (443,117,88,182,49,'SHOULDERS',3);
INSERT INTO dbo.Prizes VALUES (444,127,172,258,42,'LEGS',6);
INSERT INTO dbo.Prizes VALUES (445,138,151,168,52,'HANDS',7);
INSERT INTO dbo.Prizes VALUES (446,30,16,162,53,'WEAPON',7);
INSERT INTO dbo.Prizes VALUES (447,33,83,304,45,'SHOULDERS',9);
INSERT INTO dbo.Prizes VALUES (448,29,156,278,45,'HANDS',1);
INSERT INTO dbo.Prizes VALUES (449,66,19,242,46,'WEAPON',9);
INSERT INTO dbo.Prizes VALUES (450,51,238,228,54,'OFFHAND',7);
INSERT INTO dbo.Prizes VALUES (451,113,201,165,43,'FEET',6);
INSERT INTO dbo.Prizes VALUES (452,91,182,154,47,'LEGS',9);
INSERT INTO dbo.Prizes VALUES (453,28,150,194,55,'HANDS',7);
INSERT INTO dbo.Prizes VALUES (454,64,186,179,40,'LEGS',8);
INSERT INTO dbo.Prizes VALUES (455,107,7,238,41,'WEAPON',0);
INSERT INTO dbo.Prizes VALUES (456,137,209,211,44,'FEET',6);
INSERT INTO dbo.Prizes VALUES (457,60,180,244,53,'LEGS',5);
INSERT INTO dbo.Prizes VALUES (458,45,71,169,45,'HEAD',6);
INSERT INTO dbo.Prizes VALUES (459,16,22,227,46,'WEAPON',1);
INSERT INTO dbo.Prizes VALUES (460,139,194,181,47,'FEET',1);
INSERT INTO dbo.Prizes VALUES (461,132,164,300,47,'HANDS',2);
INSERT INTO dbo.Prizes VALUES (462,102,214,199,41,'FEET',8);
INSERT INTO dbo.Prizes VALUES (463,111,213,229,46,'FEET',6);
INSERT INTO dbo.Prizes VALUES (464,85,154,287,47,'HANDS',6);
INSERT INTO dbo.Prizes VALUES (465,51,106,273,42,'CHEST',8);
INSERT INTO dbo.Prizes VALUES (466,85,224,193,49,'OFFHAND',4);
INSERT INTO dbo.Prizes VALUES (467,2,241,287,42,'OFFHAND',0);
INSERT INTO dbo.Prizes VALUES (468,59,19,201,48,'WEAPON',2);
INSERT INTO dbo.Prizes VALUES (469,115,0,200,50,'WEAPON',3);
INSERT INTO dbo.Prizes VALUES (470,28,121,173,43,'CHEST',0);
INSERT INTO dbo.Prizes VALUES (471,85,188,251,48,'LEGS',9);
INSERT INTO dbo.Prizes VALUES (472,45,13,301,43,'WEAPON',8);
INSERT INTO dbo.Prizes VALUES (473,36,237,248,49,'OFFHAND',2);
INSERT INTO dbo.Prizes VALUES (474,34,90,261,48,'SHOULDERS',6);
INSERT INTO dbo.Prizes VALUES (475,132,176,302,56,'LEGS',7);
INSERT INTO dbo.Prizes VALUES (476,131,176,230,50,'LEGS',4);
INSERT INTO dbo.Prizes VALUES (477,144,66,184,44,'HEAD',0);
INSERT INTO dbo.Prizes VALUES (478,57,101,314,57,'CHEST',7);
INSERT INTO dbo.Prizes VALUES (479,105,205,299,58,'FEET',7);
INSERT INTO dbo.Prizes VALUES (480,17,182,293,54,'LEGS',5);
INSERT INTO dbo.Prizes VALUES (481,47,228,230,48,'OFFHAND',1);
INSERT INTO dbo.Prizes VALUES (482,32,114,310,49,'CHEST',6);
INSERT INTO dbo.Prizes VALUES (483,60,186,306,50,'LEGS',2);
INSERT INTO dbo.Prizes VALUES (484,41,241,222,51,'OFFHAND',3);
INSERT INTO dbo.Prizes VALUES (485,32,86,161,59,'SHOULDERS',7);
INSERT INTO dbo.Prizes VALUES (486,117,205,190,50,'FEET',6);
INSERT INTO dbo.Prizes VALUES (487,7,121,301,49,'CHEST',1);
INSERT INTO dbo.Prizes VALUES (488,33,46,255,51,'HEAD',4);
INSERT INTO dbo.Prizes VALUES (489,88,241,174,60,'OFFHAND',7);
INSERT INTO dbo.Prizes VALUES (490,105,20,150,52,'WEAPON',3);
INSERT INTO dbo.Prizes VALUES (491,22,53,236,52,'HEAD',4);
INSERT INTO dbo.Prizes VALUES (492,14,103,320,55,'CHEST',5);
INSERT INTO dbo.Prizes VALUES (493,67,92,189,61,'SHOULDERS',7);
INSERT INTO dbo.Prizes VALUES (494,10,203,256,51,'FEET',2);
INSERT INTO dbo.Prizes VALUES (495,102,33,199,52,'HEAD',2);
INSERT INTO dbo.Prizes VALUES (496,67,8,290,45,'WEAPON',0);
INSERT INTO dbo.Prizes VALUES (497,86,69,222,62,'HEAD',7);
INSERT INTO dbo.Prizes VALUES (498,54,191,235,63,'LEGS',7);
INSERT INTO dbo.Prizes VALUES (499,104,199,290,53,'FEET',2);
INSERT INTO dbo.Prizes VALUES (500,76,215,301,46,'FEET',0);
INSERT INTO dbo.Prizes VALUES (501,15,18,313,50,'WEAPON',1);
INSERT INTO dbo.Prizes VALUES (502,32,160,301,47,'HANDS',0);
INSERT INTO dbo.Prizes VALUES (503,112,101,185,56,'CHEST',5);
INSERT INTO dbo.Prizes VALUES (504,25,15,220,53,'WEAPON',4);
INSERT INTO dbo.Prizes VALUES (505,55,23,153,64,'WEAPON',7);
INSERT INTO dbo.Prizes VALUES (506,17,234,229,57,'OFFHAND',5);
INSERT INTO dbo.Prizes VALUES (507,87,154,218,49,'HANDS',9);
INSERT INTO dbo.Prizes VALUES (508,18,185,204,50,'LEGS',9);
INSERT INTO dbo.Prizes VALUES (509,83,4,207,54,'WEAPON',4);
INSERT INTO dbo.Prizes VALUES (510,5,84,220,53,'SHOULDERS',3);
INSERT INTO dbo.Prizes VALUES (511,117,193,304,51,'LEGS',9);
INSERT INTO dbo.Prizes VALUES (512,2,28,276,55,'HEAD',4);
INSERT INTO dbo.Prizes VALUES (513,109,87,169,51,'SHOULDERS',6);
INSERT INTO dbo.Prizes VALUES (514,72,229,192,51,'OFFHAND',1);
INSERT INTO dbo.Prizes VALUES (515,135,63,276,54,'HEAD',3);
INSERT INTO dbo.Prizes VALUES (516,113,94,302,52,'SHOULDERS',6);
INSERT INTO dbo.Prizes VALUES (517,125,5,235,48,'WEAPON',0);
INSERT INTO dbo.Prizes VALUES (518,104,203,246,49,'FEET',0);
INSERT INTO dbo.Prizes VALUES (519,5,200,221,54,'FEET',2);
INSERT INTO dbo.Prizes VALUES (520,12,197,289,52,'FEET',1);
INSERT INTO dbo.Prizes VALUES (521,60,206,233,58,'FEET',5);
INSERT INTO dbo.Prizes VALUES (522,58,154,300,55,'HANDS',3);
INSERT INTO dbo.Prizes VALUES (523,96,189,278,59,'LEGS',5);
INSERT INTO dbo.Prizes VALUES (524,129,199,153,50,'FEET',0);
INSERT INTO dbo.Prizes VALUES (525,124,44,294,56,'HEAD',3);
INSERT INTO dbo.Prizes VALUES (526,44,23,194,44,'WEAPON',8);
INSERT INTO dbo.Prizes VALUES (527,55,202,265,55,'FEET',2);
INSERT INTO dbo.Prizes VALUES (528,125,185,313,65,'LEGS',7);
INSERT INTO dbo.Prizes VALUES (529,67,120,313,56,'CHEST',2);
INSERT INTO dbo.Prizes VALUES (530,10,199,205,57,'FEET',3);
INSERT INTO dbo.Prizes VALUES (531,56,236,270,52,'OFFHAND',9);
INSERT INTO dbo.Prizes VALUES (532,114,68,283,66,'HEAD',7);
INSERT INTO dbo.Prizes VALUES (533,45,126,188,60,'CHEST',5);
INSERT INTO dbo.Prizes VALUES (534,25,211,233,53,'FEET',9);
INSERT INTO dbo.Prizes VALUES (535,13,142,176,51,'CHEST',0);
INSERT INTO dbo.Prizes VALUES (536,90,215,241,61,'FEET',5);
INSERT INTO dbo.Prizes VALUES (537,25,99,165,45,'SHOULDERS',8);
INSERT INTO dbo.Prizes VALUES (538,41,63,281,52,'HEAD',0);
INSERT INTO dbo.Prizes VALUES (539,131,165,176,58,'HANDS',3);
INSERT INTO dbo.Prizes VALUES (540,92,58,264,53,'HEAD',1);
INSERT INTO dbo.Prizes VALUES (541,115,31,156,57,'HEAD',2);
INSERT INTO dbo.Prizes VALUES (542,128,42,261,62,'HEAD',5);
INSERT INTO dbo.Prizes VALUES (543,135,21,285,53,'WEAPON',6);
INSERT INTO dbo.Prizes VALUES (544,10,195,173,59,'FEET',3);
INSERT INTO dbo.Prizes VALUES (545,55,229,310,60,'OFFHAND',3);
INSERT INTO dbo.Prizes VALUES (546,13,214,238,46,'FEET',8);
INSERT INTO dbo.Prizes VALUES (547,98,162,273,54,'HANDS',9);
INSERT INTO dbo.Prizes VALUES (548,47,36,211,54,'HEAD',6);
INSERT INTO dbo.Prizes VALUES (549,71,216,195,55,'FEET',6);
INSERT INTO dbo.Prizes VALUES (550,101,99,247,56,'SHOULDERS',6);
INSERT INTO dbo.Prizes VALUES (551,143,161,244,53,'HANDS',0);
INSERT INTO dbo.Prizes VALUES (552,107,94,207,57,'SHOULDERS',6);
INSERT INTO dbo.Prizes VALUES (553,35,7,253,47,'WEAPON',8);
INSERT INTO dbo.Prizes VALUES (554,82,201,237,58,'FEET',2);
INSERT INTO dbo.Prizes VALUES (555,44,205,204,54,'FEET',1);
INSERT INTO dbo.Prizes VALUES (556,81,120,226,58,'CHEST',6);
INSERT INTO dbo.Prizes VALUES (557,56,47,252,55,'HEAD',1);
INSERT INTO dbo.Prizes VALUES (558,67,72,304,67,'HEAD',7);
INSERT INTO dbo.Prizes VALUES (559,70,239,236,68,'OFFHAND',7);
INSERT INTO dbo.Prizes VALUES (560,90,224,196,61,'OFFHAND',3);
INSERT INTO dbo.Prizes VALUES (561,60,14,316,55,'WEAPON',9);
INSERT INTO dbo.Prizes VALUES (562,51,39,195,62,'HEAD',3);
INSERT INTO dbo.Prizes VALUES (563,89,99,151,56,'SHOULDERS',1);
INSERT INTO dbo.Prizes VALUES (564,48,97,255,63,'SHOULDERS',5);
INSERT INTO dbo.Prizes VALUES (565,74,199,247,59,'FEET',6);
INSERT INTO dbo.Prizes VALUES (566,35,113,173,57,'CHEST',1);
INSERT INTO dbo.Prizes VALUES (567,31,222,212,64,'OFFHAND',5);
INSERT INTO dbo.Prizes VALUES (568,70,63,161,63,'HEAD',3);
INSERT INTO dbo.Prizes VALUES (569,40,222,274,58,'OFFHAND',1);
INSERT INTO dbo.Prizes VALUES (570,83,85,217,59,'SHOULDERS',1);
INSERT INTO dbo.Prizes VALUES (571,26,57,200,60,'HEAD',6);
INSERT INTO dbo.Prizes VALUES (572,81,184,286,61,'LEGS',6);
INSERT INTO dbo.Prizes VALUES (573,135,81,171,56,'SHOULDERS',9);
INSERT INTO dbo.Prizes VALUES (574,62,54,242,48,'HEAD',8);
INSERT INTO dbo.Prizes VALUES (575,126,166,306,64,'HANDS',3);
INSERT INTO dbo.Prizes VALUES (576,47,103,204,54,'CHEST',0);
INSERT INTO dbo.Prizes VALUES (577,78,222,219,69,'OFFHAND',7);
INSERT INTO dbo.Prizes VALUES (578,54,84,249,65,'SHOULDERS',3);
INSERT INTO dbo.Prizes VALUES (579,10,82,200,56,'SHOULDERS',4);
INSERT INTO dbo.Prizes VALUES (580,92,158,302,57,'HANDS',9);
INSERT INTO dbo.Prizes VALUES (581,122,194,254,55,'FEET',0);
INSERT INTO dbo.Prizes VALUES (582,12,102,225,62,'CHEST',6);
INSERT INTO dbo.Prizes VALUES (583,7,111,267,70,'CHEST',7);
INSERT INTO dbo.Prizes VALUES (584,115,113,208,56,'CHEST',0);
INSERT INTO dbo.Prizes VALUES (585,100,96,277,57,'SHOULDERS',0);
INSERT INTO dbo.Prizes VALUES (586,75,81,255,58,'SHOULDERS',0);
INSERT INTO dbo.Prizes VALUES (587,97,229,283,71,'OFFHAND',7);
INSERT INTO dbo.Prizes VALUES (588,46,109,310,60,'CHEST',1);
INSERT INTO dbo.Prizes VALUES (589,108,83,291,59,'SHOULDERS',2);
INSERT INTO dbo.Prizes VALUES (590,44,67,183,58,'HEAD',9);
INSERT INTO dbo.Prizes VALUES (591,24,193,315,61,'LEGS',1);
INSERT INTO dbo.Prizes VALUES (592,117,234,175,60,'OFFHAND',2);
INSERT INTO dbo.Prizes VALUES (593,131,53,284,49,'HEAD',8);
INSERT INTO dbo.Prizes VALUES (594,83,239,258,57,'OFFHAND',4);
INSERT INTO dbo.Prizes VALUES (595,4,122,189,65,'CHEST',5);
INSERT INTO dbo.Prizes VALUES (596,83,146,295,66,'CHEST',5);
INSERT INTO dbo.Prizes VALUES (597,20,148,154,59,'CHEST',9);
INSERT INTO dbo.Prizes VALUES (598,147,154,297,67,'HANDS',5);
INSERT INTO dbo.Prizes VALUES (599,31,192,248,63,'LEGS',6);
INSERT INTO dbo.Prizes VALUES (600,136,161,162,59,'HANDS',0);
INSERT INTO dbo.Prizes VALUES (601,147,32,298,68,'HEAD',5);
INSERT INTO dbo.Prizes VALUES (602,21,220,173,66,'OFFHAND',3);
INSERT INTO dbo.Prizes VALUES (603,99,88,159,64,'SHOULDERS',6);
INSERT INTO dbo.Prizes VALUES (604,135,206,215,69,'FEET',5);
INSERT INTO dbo.Prizes VALUES (605,89,111,162,72,'CHEST',7);
INSERT INTO dbo.Prizes VALUES (606,21,197,177,73,'FEET',7);
INSERT INTO dbo.Prizes VALUES (607,78,141,187,61,'CHEST',2);
INSERT INTO dbo.Prizes VALUES (608,113,167,307,60,'HANDS',0);
INSERT INTO dbo.Prizes VALUES (609,43,217,179,62,'FEET',1);
INSERT INTO dbo.Prizes VALUES (610,101,27,294,63,'HEAD',1);
INSERT INTO dbo.Prizes VALUES (611,126,154,175,67,'HANDS',3);
INSERT INTO dbo.Prizes VALUES (612,103,163,225,68,'HANDS',3);
INSERT INTO dbo.Prizes VALUES (613,127,131,190,61,'CHEST',0);
INSERT INTO dbo.Prizes VALUES (614,7,21,315,70,'WEAPON',5);
INSERT INTO dbo.Prizes VALUES (615,97,215,320,60,'FEET',9);
INSERT INTO dbo.Prizes VALUES (616,148,242,185,74,'OFFHAND',7);
INSERT INTO dbo.Prizes VALUES (617,52,43,298,62,'HEAD',0);
INSERT INTO dbo.Prizes VALUES (618,3,175,153,64,'LEGS',1);
INSERT INTO dbo.Prizes VALUES (619,62,77,291,63,'SHOULDERS',0);
INSERT INTO dbo.Prizes VALUES (620,136,85,315,65,'SHOULDERS',1);
INSERT INTO dbo.Prizes VALUES (621,54,37,224,69,'HEAD',3);
INSERT INTO dbo.Prizes VALUES (622,92,82,296,70,'SHOULDERS',3);
INSERT INTO dbo.Prizes VALUES (623,107,223,177,71,'OFFHAND',3);
INSERT INTO dbo.Prizes VALUES (624,104,115,256,62,'CHEST',2);
INSERT INTO dbo.Prizes VALUES (625,5,158,176,72,'HANDS',3);
INSERT INTO dbo.Prizes VALUES (626,96,242,179,50,'OFFHAND',8);
INSERT INTO dbo.Prizes VALUES (627,25,221,201,75,'OFFHAND',7);
INSERT INTO dbo.Prizes VALUES (628,63,168,177,65,'HANDS',6);
INSERT INTO dbo.Prizes VALUES (629,140,79,214,58,'SHOULDERS',4);
INSERT INTO dbo.Prizes VALUES (630,72,214,315,51,'FEET',8);
INSERT INTO dbo.Prizes VALUES (631,54,226,194,52,'OFFHAND',8);
INSERT INTO dbo.Prizes VALUES (632,22,183,305,59,'LEGS',4);
INSERT INTO dbo.Prizes VALUES (633,48,229,156,63,'OFFHAND',2);
INSERT INTO dbo.Prizes VALUES (634,52,65,173,66,'HEAD',1);
INSERT INTO dbo.Prizes VALUES (635,78,233,230,67,'OFFHAND',1);
INSERT INTO dbo.Prizes VALUES (636,104,240,155,64,'OFFHAND',2);
INSERT INTO dbo.Prizes VALUES (637,45,6,167,53,'WEAPON',8);
INSERT INTO dbo.Prizes VALUES (638,122,240,264,76,'OFFHAND',7);
INSERT INTO dbo.Prizes VALUES (639,24,155,212,68,'HANDS',1);
INSERT INTO dbo.Prizes VALUES (640,131,167,222,69,'HANDS',1);
INSERT INTO dbo.Prizes VALUES (641,148,191,288,60,'LEGS',4);
INSERT INTO dbo.Prizes VALUES (642,2,150,294,70,'HANDS',1);
INSERT INTO dbo.Prizes VALUES (643,50,229,161,65,'OFFHAND',2);
INSERT INTO dbo.Prizes VALUES (644,54,230,286,64,'OFFHAND',0);
INSERT INTO dbo.Prizes VALUES (645,113,94,243,71,'SHOULDERS',1);
INSERT INTO dbo.Prizes VALUES (646,134,204,319,71,'FEET',5);
INSERT INTO dbo.Prizes VALUES (647,101,194,168,72,'FEET',1);
INSERT INTO dbo.Prizes VALUES (648,126,27,218,66,'HEAD',2);
INSERT INTO dbo.Prizes VALUES (649,51,226,209,61,'OFFHAND',4);
INSERT INTO dbo.Prizes VALUES (650,111,180,310,54,'LEGS',8);
INSERT INTO dbo.Prizes VALUES (651,44,204,296,65,'FEET',0);
INSERT INTO dbo.Prizes VALUES (652,146,131,317,66,'CHEST',0);
INSERT INTO dbo.Prizes VALUES (653,48,211,315,67,'FEET',0);
INSERT INTO dbo.Prizes VALUES (654,88,13,249,72,'WEAPON',5);
INSERT INTO dbo.Prizes VALUES (655,97,222,212,66,'OFFHAND',6);
INSERT INTO dbo.Prizes VALUES (656,102,239,186,55,'OFFHAND',8);
INSERT INTO dbo.Prizes VALUES (657,40,103,306,67,'CHEST',6);
INSERT INTO dbo.Prizes VALUES (658,61,176,175,77,'LEGS',7);
INSERT INTO dbo.Prizes VALUES (659,124,230,183,78,'OFFHAND',7);
INSERT INTO dbo.Prizes VALUES (660,81,159,171,73,'HANDS',3);
INSERT INTO dbo.Prizes VALUES (661,116,201,194,56,'FEET',8);
INSERT INTO dbo.Prizes VALUES (662,144,184,153,57,'LEGS',8);
INSERT INTO dbo.Prizes VALUES (663,70,235,173,58,'OFFHAND',8);
INSERT INTO dbo.Prizes VALUES (664,141,54,211,73,'HEAD',5);
INSERT INTO dbo.Prizes VALUES (665,60,100,264,67,'CHEST',2);
INSERT INTO dbo.Prizes VALUES (666,117,196,210,61,'FEET',9);
INSERT INTO dbo.Prizes VALUES (667,99,5,152,74,'WEAPON',3);
INSERT INTO dbo.Prizes VALUES (668,46,24,265,75,'WEAPON',3);
INSERT INTO dbo.Prizes VALUES (669,30,217,241,68,'FEET',0);
INSERT INTO dbo.Prizes VALUES (670,62,141,306,59,'CHEST',8);
INSERT INTO dbo.Prizes VALUES (671,14,235,247,60,'OFFHAND',8);
INSERT INTO dbo.Prizes VALUES (672,69,230,192,68,'OFFHAND',2);
INSERT INTO dbo.Prizes VALUES (673,133,125,153,68,'CHEST',6);
INSERT INTO dbo.Prizes VALUES (674,148,235,298,79,'OFFHAND',7);
INSERT INTO dbo.Prizes VALUES (675,66,109,211,76,'CHEST',3);
INSERT INTO dbo.Prizes VALUES (676,55,181,305,80,'LEGS',7);
INSERT INTO dbo.Prizes VALUES (677,146,217,243,69,'FEET',6);
INSERT INTO dbo.Prizes VALUES (678,68,8,170,69,'WEAPON',0);
INSERT INTO dbo.Prizes VALUES (679,98,222,222,70,'OFFHAND',6);
INSERT INTO dbo.Prizes VALUES (680,70,190,153,74,'LEGS',5);
INSERT INTO dbo.Prizes VALUES (681,20,180,320,62,'LEGS',9);
INSERT INTO dbo.Prizes VALUES (682,49,155,179,75,'HANDS',5);
INSERT INTO dbo.Prizes VALUES (683,130,238,313,71,'OFFHAND',6);
INSERT INTO dbo.Prizes VALUES (684,104,101,183,77,'CHEST',3);
INSERT INTO dbo.Prizes VALUES (685,113,150,298,61,'HANDS',8);
INSERT INTO dbo.Prizes VALUES (686,99,229,185,81,'OFFHAND',7);
INSERT INTO dbo.Prizes VALUES (687,46,173,288,62,'LEGS',4);
INSERT INTO dbo.Prizes VALUES (688,10,17,266,76,'WEAPON',5);
INSERT INTO dbo.Prizes VALUES (689,73,6,219,70,'WEAPON',0);
INSERT INTO dbo.Prizes VALUES (690,84,174,287,78,'LEGS',3);
INSERT INTO dbo.Prizes VALUES (691,103,215,267,72,'FEET',6);
INSERT INTO dbo.Prizes VALUES (692,15,207,304,82,'FEET',7);
INSERT INTO dbo.Prizes VALUES (693,29,0,215,62,'WEAPON',8);
INSERT INTO dbo.Prizes VALUES (694,23,87,299,83,'SHOULDERS',7);
INSERT INTO dbo.Prizes VALUES (695,78,159,218,73,'HANDS',6);
INSERT INTO dbo.Prizes VALUES (696,111,152,302,63,'HANDS',9);
INSERT INTO dbo.Prizes VALUES (697,128,221,230,77,'OFFHAND',5);
INSERT INTO dbo.Prizes VALUES (698,70,171,248,71,'HANDS',0);
INSERT INTO dbo.Prizes VALUES (699,60,24,169,79,'WEAPON',3);
INSERT INTO dbo.Prizes VALUES (700,139,85,250,63,'SHOULDERS',8);
INSERT INTO dbo.Prizes VALUES (701,87,81,207,73,'SHOULDERS',1);
INSERT INTO dbo.Prizes VALUES (702,130,159,269,80,'HANDS',3);
INSERT INTO dbo.Prizes VALUES (703,136,10,189,74,'WEAPON',6);
INSERT INTO dbo.Prizes VALUES (704,128,112,241,72,'CHEST',0);
INSERT INTO dbo.Prizes VALUES (705,132,1,239,63,'WEAPON',4);
INSERT INTO dbo.Prizes VALUES (706,98,182,319,84,'LEGS',7);
INSERT INTO dbo.Prizes VALUES (707,88,162,230,64,'HANDS',9);
INSERT INTO dbo.Prizes VALUES (708,27,181,189,69,'LEGS',2);
INSERT INTO dbo.Prizes VALUES (709,132,109,307,74,'CHEST',1);
INSERT INTO dbo.Prizes VALUES (710,24,235,232,65,'OFFHAND',9);
INSERT INTO dbo.Prizes VALUES (711,51,220,226,81,'OFFHAND',3);
INSERT INTO dbo.Prizes VALUES (712,65,27,228,70,'HEAD',2);
INSERT INTO dbo.Prizes VALUES (713,69,49,153,75,'HEAD',1);
INSERT INTO dbo.Prizes VALUES (714,70,81,201,75,'SHOULDERS',6);
INSERT INTO dbo.Prizes VALUES (715,53,161,210,64,'HANDS',4);
INSERT INTO dbo.Prizes VALUES (716,21,174,218,64,'LEGS',8);
INSERT INTO dbo.Prizes VALUES (717,53,200,207,78,'FEET',5);
INSERT INTO dbo.Prizes VALUES (718,148,115,227,65,'CHEST',8);
INSERT INTO dbo.Prizes VALUES (719,57,219,294,82,'OFFHAND',3);
INSERT INTO dbo.Prizes VALUES (720,78,0,257,71,'WEAPON',2);
INSERT INTO dbo.Prizes VALUES (721,91,111,157,83,'CHEST',3);
INSERT INTO dbo.Prizes VALUES (722,48,240,166,73,'OFFHAND',0);
INSERT INTO dbo.Prizes VALUES (723,90,182,183,85,'LEGS',7);
INSERT INTO dbo.Prizes VALUES (724,91,70,236,72,'HEAD',2);
INSERT INTO dbo.Prizes VALUES (725,133,184,201,76,'LEGS',1);
INSERT INTO dbo.Prizes VALUES (726,45,110,305,84,'CHEST',3);
INSERT INTO dbo.Prizes VALUES (727,90,165,207,66,'HANDS',9);
INSERT INTO dbo.Prizes VALUES (728,36,224,275,77,'OFFHAND',1);
INSERT INTO dbo.Prizes VALUES (729,126,22,298,74,'WEAPON',0);
INSERT INTO dbo.Prizes VALUES (730,79,46,302,79,'HEAD',5);
INSERT INTO dbo.Prizes VALUES (731,54,209,220,75,'FEET',0);
INSERT INTO dbo.Prizes VALUES (732,122,118,255,86,'CHEST',7);
INSERT INTO dbo.Prizes VALUES (733,64,86,304,76,'SHOULDERS',0);
INSERT INTO dbo.Prizes VALUES (734,105,154,185,76,'HANDS',6);
INSERT INTO dbo.Prizes VALUES (735,6,84,279,66,'SHOULDERS',8);
INSERT INTO dbo.Prizes VALUES (736,125,197,178,67,'FEET',8);
INSERT INTO dbo.Prizes VALUES (737,81,162,164,67,'HANDS',9);
INSERT INTO dbo.Prizes VALUES (738,100,172,318,73,'LEGS',2);
INSERT INTO dbo.Prizes VALUES (739,38,207,290,80,'FEET',5);
INSERT INTO dbo.Prizes VALUES (740,36,73,188,87,'SHOULDERS',7);
INSERT INTO dbo.Prizes VALUES (741,39,82,175,88,'SHOULDERS',7);
INSERT INTO dbo.Prizes VALUES (742,78,13,287,89,'WEAPON',7);
INSERT INTO dbo.Prizes VALUES (743,101,92,200,90,'SHOULDERS',7);
INSERT INTO dbo.Prizes VALUES (744,61,45,168,85,'HEAD',3);
INSERT INTO dbo.Prizes VALUES (745,16,20,244,77,'WEAPON',6);
INSERT INTO dbo.Prizes VALUES (746,122,0,240,68,'WEAPON',9);
INSERT INTO dbo.Prizes VALUES (747,71,67,253,74,'HEAD',2);
INSERT INTO dbo.Prizes VALUES (748,35,94,194,78,'SHOULDERS',6);
INSERT INTO dbo.Prizes VALUES (749,84,7,178,86,'WEAPON',3);
INSERT INTO dbo.Prizes VALUES (750,115,91,176,77,'SHOULDERS',0);
INSERT INTO dbo.Prizes VALUES (751,49,200,173,75,'FEET',2);
INSERT INTO dbo.Prizes VALUES (752,71,238,253,81,'OFFHAND',5);
INSERT INTO dbo.Prizes VALUES (753,68,216,291,68,'FEET',8);
INSERT INTO dbo.Prizes VALUES (754,8,19,267,65,'WEAPON',4);
INSERT INTO dbo.Prizes VALUES (755,17,79,195,78,'SHOULDERS',1);
INSERT INTO dbo.Prizes VALUES (756,58,185,247,82,'LEGS',5);
INSERT INTO dbo.Prizes VALUES (757,54,179,164,66,'LEGS',4);
INSERT INTO dbo.Prizes VALUES (758,37,104,262,78,'CHEST',0);
INSERT INTO dbo.Prizes VALUES (759,124,165,251,91,'HANDS',7);
INSERT INTO dbo.Prizes VALUES (760,70,151,242,83,'HANDS',5);
INSERT INTO dbo.Prizes VALUES (761,106,147,285,84,'CHEST',5);
INSERT INTO dbo.Prizes VALUES (762,110,75,270,87,'SHOULDERS',3);
INSERT INTO dbo.Prizes VALUES (763,3,56,288,79,'HEAD',0);
INSERT INTO dbo.Prizes VALUES (764,37,169,248,79,'HANDS',1);
INSERT INTO dbo.Prizes VALUES (765,31,153,267,76,'HANDS',2);
INSERT INTO dbo.Prizes VALUES (766,92,156,270,80,'HANDS',1);
INSERT INTO dbo.Prizes VALUES (767,37,156,172,81,'HANDS',1);
INSERT INTO dbo.Prizes VALUES (768,6,30,255,79,'HEAD',6);
INSERT INTO dbo.Prizes VALUES (769,100,78,223,80,'SHOULDERS',0);
INSERT INTO dbo.Prizes VALUES (770,123,184,232,92,'LEGS',7);
INSERT INTO dbo.Prizes VALUES (771,132,49,237,88,'HEAD',3);
INSERT INTO dbo.Prizes VALUES (772,105,163,151,82,'HANDS',1);
INSERT INTO dbo.Prizes VALUES (773,67,10,285,85,'WEAPON',5);
INSERT INTO dbo.Prizes VALUES (774,147,186,186,89,'LEGS',3);
INSERT INTO dbo.Prizes VALUES (775,111,216,202,90,'FEET',3);
INSERT INTO dbo.Prizes VALUES (776,3,241,212,77,'OFFHAND',2);
INSERT INTO dbo.Prizes VALUES (777,40,181,256,83,'LEGS',1);
INSERT INTO dbo.Prizes VALUES (778,139,158,276,84,'HANDS',1);
INSERT INTO dbo.Prizes VALUES (779,133,183,316,85,'LEGS',1);
INSERT INTO dbo.Prizes VALUES (780,16,122,236,86,'CHEST',1);
INSERT INTO dbo.Prizes VALUES (781,21,197,310,67,'FEET',4);
INSERT INTO dbo.Prizes VALUES (782,14,33,219,91,'HEAD',3);
INSERT INTO dbo.Prizes VALUES (783,76,135,303,69,'CHEST',8);
INSERT INTO dbo.Prizes VALUES (784,103,212,211,80,'FEET',6);
INSERT INTO dbo.Prizes VALUES (785,8,17,182,81,'WEAPON',6);
INSERT INTO dbo.Prizes VALUES (786,144,200,244,81,'FEET',0);
INSERT INTO dbo.Prizes VALUES (787,72,17,181,87,'WEAPON',1);
INSERT INTO dbo.Prizes VALUES (788,121,74,223,82,'SHOULDERS',6);
INSERT INTO dbo.Prizes VALUES (789,25,203,285,70,'FEET',8);
INSERT INTO dbo.Prizes VALUES (790,39,203,272,71,'FEET',8);
INSERT INTO dbo.Prizes VALUES (791,20,10,296,93,'WEAPON',7);
INSERT INTO dbo.Prizes VALUES (792,98,231,287,72,'OFFHAND',8);
INSERT INTO dbo.Prizes VALUES (793,99,16,249,69,'WEAPON',9);
INSERT INTO dbo.Prizes VALUES (794,82,161,315,73,'HANDS',8);
INSERT INTO dbo.Prizes VALUES (795,54,171,234,83,'HANDS',6);
INSERT INTO dbo.Prizes VALUES (796,97,81,314,78,'SHOULDERS',2);
INSERT INTO dbo.Prizes VALUES (797,118,240,284,94,'OFFHAND',7);
INSERT INTO dbo.Prizes VALUES (798,108,196,233,88,'FEET',1);
INSERT INTO dbo.Prizes VALUES (799,31,169,292,82,'HANDS',0);
INSERT INTO dbo.Prizes VALUES (800,6,175,254,89,'LEGS',1);
INSERT INTO dbo.Prizes VALUES (801,66,115,295,84,'CHEST',6);
INSERT INTO dbo.Prizes VALUES (802,139,11,277,90,'WEAPON',1);
INSERT INTO dbo.Prizes VALUES (803,106,196,232,91,'FEET',1);
INSERT INTO dbo.Prizes VALUES (804,68,24,162,70,'WEAPON',9);
INSERT INTO dbo.Prizes VALUES (805,76,159,186,92,'HANDS',1);
INSERT INTO dbo.Prizes VALUES (806,139,183,177,92,'LEGS',3);
INSERT INTO dbo.Prizes VALUES (807,40,59,316,71,'HEAD',9);
INSERT INTO dbo.Prizes VALUES (808,147,76,289,85,'SHOULDERS',6);
INSERT INTO dbo.Prizes VALUES (809,61,189,294,68,'LEGS',4);
INSERT INTO dbo.Prizes VALUES (810,21,189,164,86,'LEGS',6);
INSERT INTO dbo.Prizes VALUES (811,117,1,199,93,'WEAPON',3);
INSERT INTO dbo.Prizes VALUES (812,110,139,275,87,'CHEST',6);
INSERT INTO dbo.Prizes VALUES (813,66,205,239,88,'FEET',6);
INSERT INTO dbo.Prizes VALUES (814,29,211,219,69,'FEET',4);
INSERT INTO dbo.Prizes VALUES (815,2,16,315,83,'WEAPON',0);
INSERT INTO dbo.Prizes VALUES (816,146,48,152,72,'HEAD',9);
INSERT INTO dbo.Prizes VALUES (817,85,60,261,73,'HEAD',9);
INSERT INTO dbo.Prizes VALUES (818,146,37,317,74,'HEAD',9);
INSERT INTO dbo.Prizes VALUES (819,48,94,220,94,'SHOULDERS',3);
INSERT INTO dbo.Prizes VALUES (820,141,77,222,95,'SHOULDERS',7);
INSERT INTO dbo.Prizes VALUES (821,81,102,314,79,'CHEST',2);
INSERT INTO dbo.Prizes VALUES (822,26,195,258,96,'FEET',7);
INSERT INTO dbo.Prizes VALUES (823,125,208,299,93,'FEET',1);
INSERT INTO dbo.Prizes VALUES (824,87,185,314,94,'LEGS',1);
INSERT INTO dbo.Prizes VALUES (825,93,177,208,95,'LEGS',1);
INSERT INTO dbo.Prizes VALUES (826,70,47,279,86,'HEAD',5);
INSERT INTO dbo.Prizes VALUES (827,91,204,266,70,'FEET',4);
INSERT INTO dbo.Prizes VALUES (828,122,225,167,71,'OFFHAND',4);
INSERT INTO dbo.Prizes VALUES (829,61,83,151,96,'SHOULDERS',1);
INSERT INTO dbo.Prizes VALUES (830,127,174,185,74,'LEGS',8);
INSERT INTO dbo.Prizes VALUES (831,148,175,224,84,'LEGS',0);
INSERT INTO dbo.Prizes VALUES (832,29,162,211,75,'HANDS',8);
INSERT INTO dbo.Prizes VALUES (833,129,234,247,89,'OFFHAND',6);
INSERT INTO dbo.Prizes VALUES (834,17,153,273,72,'HANDS',4);
INSERT INTO dbo.Prizes VALUES (835,5,170,258,95,'HANDS',3);
INSERT INTO dbo.Prizes VALUES (836,130,200,270,75,'FEET',9);
INSERT INTO dbo.Prizes VALUES (837,47,206,279,96,'FEET',3);
INSERT INTO dbo.Prizes VALUES (838,35,25,193,76,'HEAD',9);
INSERT INTO dbo.Prizes VALUES (839,78,42,235,85,'HEAD',0);
INSERT INTO dbo.Prizes VALUES (840,69,234,254,87,'OFFHAND',5);
INSERT INTO dbo.Prizes VALUES (841,68,230,169,88,'OFFHAND',5);
INSERT INTO dbo.Prizes VALUES (842,16,209,157,97,'FEET',7);
INSERT INTO dbo.Prizes VALUES (843,19,166,199,77,'HANDS',9);
INSERT INTO dbo.Prizes VALUES (844,102,136,223,80,'CHEST',2);
INSERT INTO dbo.Prizes VALUES (845,18,233,254,76,'OFFHAND',8);
INSERT INTO dbo.Prizes VALUES (846,32,5,283,81,'WEAPON',2);
INSERT INTO dbo.Prizes VALUES (847,122,21,165,98,'WEAPON',7);
INSERT INTO dbo.Prizes VALUES (848,9,93,313,99,'SHOULDERS',7);
INSERT INTO dbo.Prizes VALUES (849,134,179,234,100,'LEGS',7);

INSERT INTO dbo.Characters VALUES (0,'Gyleon Caney','Demolitionist',85,815,722,839,769,758,799,786,831);
INSERT INTO dbo.Characters VALUES (1,'Rewill Drighte','Arcanist',96,802,728,713,829,780,805,823,825);
INSERT INTO dbo.Characters VALUES (2,'Thomas Arnes','Warder',81,846,776,747,796,844,765,751,738);
INSERT INTO dbo.Characters VALUES (3,'Ernard Wyne','Defiler',96,811,719,782,819,726,835,837,806);
INSERT INTO dbo.Characters VALUES (4,'Waltom Ginte','Infiltrator',72,754,828,512,629,425,834,827,809);
INSERT INTO dbo.Characters VALUES (5,'Marget Merdaye','Mage Hunter',88,773,841,826,564,761,760,739,756);
INSERT INTO dbo.Characters VALUES (6,'Joane Skytsor','Blademaster',89,785,833,768,808,812,795,813,810);
INSERT INTO dbo.Characters VALUES (7,'Beatra Lyone','Necromancer',100,847,797,558,848,732,759,842,849);
INSERT INTO dbo.Characters VALUES (8,'Joycie Groby','Ritualist',76,693,845,593,735,783,832,790,830);
INSERT INTO dbo.Characters VALUES (9,'Abeth Folcey','Apostate',77,804,710,838,573,597,843,836,681);

INSERT INTO dbo.Bounties VALUES (32,'Zantarin, the Immortal','Common',0,7);
INSERT INTO dbo.Bounties VALUES (12,'Necrolask','Common',1,1);
INSERT INTO dbo.Bounties VALUES (11,'Grand Priest Zarthuzellan','Common',2,6);
INSERT INTO dbo.Bounties VALUES (12,'Haunted Scarecrow','Common',3,0);
INSERT INTO dbo.Bounties VALUES (27,'Mudflinger ~ Reflective','Common',4,0);
INSERT INTO dbo.Bounties VALUES (21,'Chilltusk','Common',5,7);
INSERT INTO dbo.Bounties VALUES (27,'Skeletal Archer','Common',6,7);
INSERT INTO dbo.Bounties VALUES (1,'Boneback','Hero',7,4);
INSERT INTO dbo.Bounties VALUES (1,'Voidlurker','Hero',8,5);
INSERT INTO dbo.Bounties VALUES (13,'Carnivorous Plant','Common',9,1);
INSERT INTO dbo.Bounties VALUES (1,'Obsidian Pylon','Hero',10,9);
INSERT INTO dbo.Bounties VALUES (1,'Javos Bonesplinter','Nemesis',11,4);
INSERT INTO dbo.Bounties VALUES (1,'Horcris, the Terror','Hero',12,1);
INSERT INTO dbo.Bounties VALUES (1,'Illumin ~ Electrified','Boss',13,1);
INSERT INTO dbo.Bounties VALUES (1,'Mondrak, the Everburning','Nemesis',14,5);
INSERT INTO dbo.Bounties VALUES (25,'Possessed Arcanist','Common',15,2);
INSERT INTO dbo.Bounties VALUES (1,'Great Raven','Hero',16,5);
INSERT INTO dbo.Bounties VALUES (1,'Chilldread','Boss',17,2);
INSERT INTO dbo.Bounties VALUES (27,'Azgalogg, the Corruptor ~ Defender','Common',18,8);
INSERT INTO dbo.Bounties VALUES (1,'Leander Blackwater Greene','Nemesis',19,6);
INSERT INTO dbo.Bounties VALUES (39,'Corrupshell ~ Corrupted','Common',20,3);
INSERT INTO dbo.Bounties VALUES (11,'Verona Bloodskewer','Common',21,3);
INSERT INTO dbo.Bounties VALUES (1,'Asper ~ Swift','Boss',22,6);
INSERT INTO dbo.Bounties VALUES (1,'Kelphat''Idoth ~ Electrified','Hero',23,7);
INSERT INTO dbo.Bounties VALUES (30,'Crowfiend ~ Bruiser','Common',24,3);
INSERT INTO dbo.Bounties VALUES (1,'Overlord Van Aldritch','Hero',25,0);
INSERT INTO dbo.Bounties VALUES (1,'Eldritch Mongrel','Hero',26,0);
INSERT INTO dbo.Bounties VALUES (1,'The Amalgamation','Hero',27,9);
INSERT INTO dbo.Bounties VALUES (20,'Corpran ~ Corrupted','Common',28,1);
INSERT INTO dbo.Bounties VALUES (24,'Obsidian Pylon','Common',29,0);
INSERT INTO dbo.Bounties VALUES (1,'Nokultaak, the Reaper','Hero',30,6);
INSERT INTO dbo.Bounties VALUES (17,'Noxraderad ~ Frozen','Common',31,5);
INSERT INTO dbo.Bounties VALUES (1,'Titanius Steelskin ~ Defender','Hero',32,4);
INSERT INTO dbo.Bounties VALUES (31,'Ugdenbog Spikeshell','Common',33,1);
INSERT INTO dbo.Bounties VALUES (26,'Darlax, Devourer of Dreams','Common',34,3);
INSERT INTO dbo.Bounties VALUES (1,'Bane''Zal, the Hellborn','Hero',35,5);
INSERT INTO dbo.Bounties VALUES (13,'Lucius Bloodboil','Common',36,4);
INSERT INTO dbo.Bounties VALUES (25,'Corrupshell ~ Corrupted','Common',37,3);
INSERT INTO dbo.Bounties VALUES (26,'Bluggraag Blazebarf','Common',38,8);
INSERT INTO dbo.Bounties VALUES (14,'Galakros, the Mountain','Common',39,7);
INSERT INTO dbo.Bounties VALUES (1,'Ugdenbog Cannibal ~ Fleshcrazed','Hero',40,5);
INSERT INTO dbo.Bounties VALUES (1,'Larria, the Hexxer','Hero',41,2);
INSERT INTO dbo.Bounties VALUES (36,'Anasteria','Common',42,7);
INSERT INTO dbo.Bounties VALUES (37,'Sllancar the Tainted','Common',43,1);
INSERT INTO dbo.Bounties VALUES (32,'Nucus''Dal','Common',44,7);
INSERT INTO dbo.Bounties VALUES (1,'Rotblood ~ Vampiric','Boss',45,1);
INSERT INTO dbo.Bounties VALUES (40,'Naxen Shade','Common',46,3);
INSERT INTO dbo.Bounties VALUES (38,'Baros Wradlith, Lord of the Lost Souls','Common',47,5);
INSERT INTO dbo.Bounties VALUES (1,'Direni','Hero',48,9);
INSERT INTO dbo.Bounties VALUES (1,'Dreven Cole','Boss',49,8);
INSERT INTO dbo.Bounties VALUES (12,'Shar''Luthol ~ Shielded','Common',50,1);
INSERT INTO dbo.Bounties VALUES (1,'Archmage Aleksander','Boss',51,5);
INSERT INTO dbo.Bounties VALUES (1,'Gutripper ~ Unstoppable','Hero',52,1);
INSERT INTO dbo.Bounties VALUES (10,'Mortallis','Common',53,8);
INSERT INTO dbo.Bounties VALUES (1,'Fleshwarped Troll','Hero',54,3);
INSERT INTO dbo.Bounties VALUES (1,'Uroxis Swiftclaw ~ Swift','Hero',55,2);
INSERT INTO dbo.Bounties VALUES (1,'Writhing Tentacle','Boss',56,5);
INSERT INTO dbo.Bounties VALUES (1,'Halion The Rat','Boss',57,3);
INSERT INTO dbo.Bounties VALUES (1,'Mondrak, the Everburning','Hero',58,9);
INSERT INTO dbo.Bounties VALUES (33,'Poisonous Bloom','Common',59,8);
INSERT INTO dbo.Bounties VALUES (35,'Ashe The Wall Farrell','Common',60,6);
INSERT INTO dbo.Bounties VALUES (31,'Hellspawn','Common',61,2);
INSERT INTO dbo.Bounties VALUES (15,'Boris, Master of the Pit','Common',62,3);
INSERT INTO dbo.Bounties VALUES (33,'Mudflinger ~ Reflective','Common',63,0);
INSERT INTO dbo.Bounties VALUES (1,'Eldon Snakeskin ~ Regenerator','Boss',64,0);
INSERT INTO dbo.Bounties VALUES (35,'Shade of Elnadrin','Common',65,1);
INSERT INTO dbo.Bounties VALUES (39,'Dralgar, the Keeper of Burrwitch','Common',66,1);
INSERT INTO dbo.Bounties VALUES (1,'Zal''Naroth, Guardian of the Bastion','Boss',67,5);
INSERT INTO dbo.Bounties VALUES (1,'Stoneheart ~ Reflective','Hero',68,8);
INSERT INTO dbo.Bounties VALUES (1,'Cronley''s Gang ~ Gunman','Boss',69,4);
INSERT INTO dbo.Bounties VALUES (25,'Archivist Thelon','Common',70,6);
INSERT INTO dbo.Bounties VALUES (1,'Brother Handrick ~ Burning','Boss',71,4);
INSERT INTO dbo.Bounties VALUES (1,'Agalgaraz','Nemesis',72,4);
INSERT INTO dbo.Bounties VALUES (1,'Kyzogg the Reanimator','Nemesis',73,8);
INSERT INTO dbo.Bounties VALUES (31,'Stormtitan','Common',74,3);
INSERT INTO dbo.Bounties VALUES (1,'Haval''Aldos ~ Arcane','Hero',75,2);
INSERT INTO dbo.Bounties VALUES (1,'Innugaru, Terror of the Void','Nemesis',76,1);
INSERT INTO dbo.Bounties VALUES (1,'Delnar Black Eye','Nemesis',77,6);
INSERT INTO dbo.Bounties VALUES (1,'Urokoraa, Speaker for the Dead','Boss',78,0);
INSERT INTO dbo.Bounties VALUES (17,'Embrallis ~ Burning','Common',79,5);
INSERT INTO dbo.Bounties VALUES (40,'Nucus''Dal','Common',80,5);
INSERT INTO dbo.Bounties VALUES (1,'Bralgarr, the Flame Watcher ~ Burning','Hero',81,3);
INSERT INTO dbo.Bounties VALUES (27,'Guardian of Bysmiel','Common',82,2);
INSERT INTO dbo.Bounties VALUES (1,'Dralgar, the Keeper of Burrwitch','Hero',83,2);
INSERT INTO dbo.Bounties VALUES (26,'Phigillius Stormbile','Common',84,5);
INSERT INTO dbo.Bounties VALUES (1,'Obsidian Anomaly','Boss',85,6);
INSERT INTO dbo.Bounties VALUES (1,'Chilltusk','Hero',86,0);
INSERT INTO dbo.Bounties VALUES (14,'Benn''Jahr, the Colossal','Common',87,3);
INSERT INTO dbo.Bounties VALUES (1,'The Sentinel','Nemesis',88,3);
INSERT INTO dbo.Bounties VALUES (1,'Scorv, Servant of Ravager','Hero',89,7);
INSERT INTO dbo.Bounties VALUES (1,'Rakka''Valgoth the Fleshdrinker','Boss',90,8);
INSERT INTO dbo.Bounties VALUES (1,'Icesnap','Boss',91,6);
INSERT INTO dbo.Bounties VALUES (1,'Festerlis ~ Bruiser','Nemesis',92,0);
INSERT INTO dbo.Bounties VALUES (11,'Eldritch Mongrel','Common',93,9);
INSERT INTO dbo.Bounties VALUES (1,'Phabius','Boss',94,2);
INSERT INTO dbo.Bounties VALUES (1,'Fragh ~ Frozen','Boss',95,1);
INSERT INTO dbo.Bounties VALUES (1,'Waraplius ~ Timewarped','Hero',96,5);
INSERT INTO dbo.Bounties VALUES (1,'Grulgor, the Tormented ~ Diseased','Hero',97,2);
INSERT INTO dbo.Bounties VALUES (1,'Dralgar, the Keeper of Burrwitch','Nemesis',98,2);
INSERT INTO dbo.Bounties VALUES (1,'Edmund Shanks Doyle','Hero',99,9);
INSERT INTO dbo.Bounties VALUES (1,'Stormtitan','Hero',100,0);
INSERT INTO dbo.Bounties VALUES (33,'Phris Dugald','Common',101,4);
INSERT INTO dbo.Bounties VALUES (1,'Stoneheart ~ Reflective','Nemesis',102,2);
INSERT INTO dbo.Bounties VALUES (13,'Winged Horror','Common',103,4);
INSERT INTO dbo.Bounties VALUES (1,'Winged Horror','Nemesis',104,1);
INSERT INTO dbo.Bounties VALUES (1,'Aetherial Crawler','Boss',105,0);
INSERT INTO dbo.Bounties VALUES (1,'Zantarin, the Immortal','Boss',106,0);
INSERT INTO dbo.Bounties VALUES (1,'Haval''Aldos ~ Arcane','Hero',107,2);
INSERT INTO dbo.Bounties VALUES (27,'Uroxis Swiftclaw ~ Swift','Common',108,2);
INSERT INTO dbo.Bounties VALUES (1,'Verona Bloodskewer','Hero',109,4);
INSERT INTO dbo.Bounties VALUES (40,'Rotting Soldier','Common',110,1);
INSERT INTO dbo.Bounties VALUES (13,'Ludia Bloodwhisper','Common',111,6);
INSERT INTO dbo.Bounties VALUES (1,'Cronley''s Gang ~ Thug','Hero',112,7);
INSERT INTO dbo.Bounties VALUES (35,'Farros, the Rotted','Common',113,6);
INSERT INTO dbo.Bounties VALUES (1,'Galakros, the Mountain','Nemesis',114,9);
INSERT INTO dbo.Bounties VALUES (1,'Tollia Splittongue','Hero',115,1);
INSERT INTO dbo.Bounties VALUES (1,'Stormslither','Boss',116,3);
INSERT INTO dbo.Bounties VALUES (1,'Moosilauke, the Chillwind','Hero',117,6);
INSERT INTO dbo.Bounties VALUES (1,'Pavros Undylon, Flamespeaker','Boss',118,7);
INSERT INTO dbo.Bounties VALUES (20,'Bonebreaker','Common',119,5);
INSERT INTO dbo.Bounties VALUES (1,'Bolvaris, the Glacierborn','Nemesis',120,2);
INSERT INTO dbo.Bounties VALUES (21,'Bolvaris, the Glacierborn','Common',121,6);
INSERT INTO dbo.Bounties VALUES (1,'Cronley''s Gang ~ Chosen','Hero',122,8);
INSERT INTO dbo.Bounties VALUES (1,'Sylvarria, Queen of the Undergrowth','Hero',123,3);
INSERT INTO dbo.Bounties VALUES (1,'Farros, the Rotted','Boss',124,0);
INSERT INTO dbo.Bounties VALUES (1,'Death Revenant','Boss',125,8);
INSERT INTO dbo.Bounties VALUES (11,'Ludia Bloodwhisper','Common',126,7);
INSERT INTO dbo.Bounties VALUES (18,'Mutallor ~ Regenerator','Common',127,2);
INSERT INTO dbo.Bounties VALUES (11,'Hauldros the Burningbile','Common',128,8);
INSERT INTO dbo.Bounties VALUES (1,'Verona Bloodskewer','Boss',129,1);
INSERT INTO dbo.Bounties VALUES (1,'Apparition','Boss',130,7);
INSERT INTO dbo.Bounties VALUES (1,'Furz Venomdrinker ~ Supporter','Hero',131,1);
INSERT INTO dbo.Bounties VALUES (1,'Boomer Slocum','Hero',132,6);
INSERT INTO dbo.Bounties VALUES (28,'Ekket''Anatu','Common',133,9);
INSERT INTO dbo.Bounties VALUES (20,'Harrath, the Returned','Common',134,2);
INSERT INTO dbo.Bounties VALUES (35,'Garrl ~ Voidtouched','Common',135,1);
INSERT INTO dbo.Bounties VALUES (1,'Neleron, the Eyes of Death','Hero',136,2);
INSERT INTO dbo.Bounties VALUES (1,'Metasis''Mal the Mageblood','Nemesis',137,2);
INSERT INTO dbo.Bounties VALUES (26,'Mortallis','Common',138,7);
INSERT INTO dbo.Bounties VALUES (1,'Harrowbeak ~ Unstoppable','Boss',139,2);
INSERT INTO dbo.Bounties VALUES (1,'Crowfiend ~ Bruiser','Nemesis',140,8);
INSERT INTO dbo.Bounties VALUES (1,'Kyzogg the Reanimator','Hero',141,7);
INSERT INTO dbo.Bounties VALUES (37,'Aetherial Guardian','Common',142,3);
INSERT INTO dbo.Bounties VALUES (1,'Bloodhowl ~ Regenerator','Boss',143,0);
INSERT INTO dbo.Bounties VALUES (20,'Metasis''Mal the Mageblood','Common',144,1);
INSERT INTO dbo.Bounties VALUES (1,'Master Ravok, the Death''s Whisper','Nemesis',145,0);
INSERT INTO dbo.Bounties VALUES (39,'Carnivorous Plant','Common',146,8);
INSERT INTO dbo.Bounties VALUES (33,'Plagius, the Decrepit','Common',147,6);
INSERT INTO dbo.Bounties VALUES (1,'Aetherean ~ Corrupted','Nemesis',148,8);
INSERT INTO dbo.Bounties VALUES (1,'Larria, the Hexxer','Boss',149,9);
INSERT INTO dbo.Bounties VALUES (1,'Raxa, the Jade Huntress','Boss',150,5);
INSERT INTO dbo.Bounties VALUES (39,'Luthus''Balok','Common',151,1);
INSERT INTO dbo.Bounties VALUES (22,'Hammerton','Common',152,3);
INSERT INTO dbo.Bounties VALUES (1,'Ullana Everfreeze ~ Frozen','Boss',153,9);
INSERT INTO dbo.Bounties VALUES (29,'Ulda Emberclaw','Common',154,7);
INSERT INTO dbo.Bounties VALUES (1,'Rhidal''Gulvor the Stormblood','Hero',155,7);
INSERT INTO dbo.Bounties VALUES (1,'Aetherwraith ~ Corrupted','Hero',156,2);
INSERT INTO dbo.Bounties VALUES (30,'Ryan','Common',157,7);
INSERT INTO dbo.Bounties VALUES (1,'Corpran ~ Corrupted','Hero',158,3);
INSERT INTO dbo.Bounties VALUES (20,'Wendigo','Common',159,9);
INSERT INTO dbo.Bounties VALUES (37,'Jugak''Siin ~ Reflective','Common',160,3);
INSERT INTO dbo.Bounties VALUES (12,'Watcher Brandis','Common',161,8);
INSERT INTO dbo.Bounties VALUES (26,'Allara Starfire','Common',162,7);
INSERT INTO dbo.Bounties VALUES (10,'Eldritch Alpha','Common',163,6);
INSERT INTO dbo.Bounties VALUES (1,'Palros, Protector of the Pack ~ Defender','Boss',164,3);
INSERT INTO dbo.Bounties VALUES (1,'Councilman Garl','Boss',165,5);
INSERT INTO dbo.Bounties VALUES (1,'Dar''Vagol the Mageclaw','Nemesis',166,7);
INSERT INTO dbo.Bounties VALUES (28,'Gutripper ~ Unstoppable','Common',167,2);
INSERT INTO dbo.Bounties VALUES (1,'Packla, the Turning','Hero',168,7);
INSERT INTO dbo.Bounties VALUES (1,'Nadra, the Shadow','Boss',169,7);
INSERT INTO dbo.Bounties VALUES (17,'Fleshshaper Hinissius','Common',170,0);
INSERT INTO dbo.Bounties VALUES (20,'Ascended Attendant','Common',171,6);
INSERT INTO dbo.Bounties VALUES (1,'Allara Starfire','Hero',172,4);
INSERT INTO dbo.Bounties VALUES (1,'Olithot''Mal the Tormentor','Boss',173,6);
INSERT INTO dbo.Bounties VALUES (1,'Challdrus the Coldheart','Nemesis',174,5);
INSERT INTO dbo.Bounties VALUES (25,'Bandragos, Thrall of Dravis','Common',175,4);
INSERT INTO dbo.Bounties VALUES (11,'Bilewart ~ Swift','Common',176,5);
INSERT INTO dbo.Bounties VALUES (10,'Harvoul, the Earthshaker','Common',177,6);
INSERT INTO dbo.Bounties VALUES (1,'Ragesnout ~ Swift','Hero',178,1);
INSERT INTO dbo.Bounties VALUES (11,'Chilldread','Common',179,7);
INSERT INTO dbo.Bounties VALUES (11,'Waraplius ~ Timewarped','Common',180,6);
INSERT INTO dbo.Bounties VALUES (29,'Blazara Firemane','Common',181,8);
INSERT INTO dbo.Bounties VALUES (1,'Fleshshaper Hinissius','Hero',182,5);
INSERT INTO dbo.Bounties VALUES (1,'Sister Oseltia, the Storm Maiden','Hero',183,3);
INSERT INTO dbo.Bounties VALUES (19,'Brother Baldris, Charge of Empyrion','Common',184,7);
INSERT INTO dbo.Bounties VALUES (1,'Dreven Cole','Hero',185,4);
INSERT INTO dbo.Bounties VALUES (1,'Stormfist ~ Electrified','Hero',186,6);
INSERT INTO dbo.Bounties VALUES (1,'Darlax, Devourer of Dreams','Boss',187,4);
INSERT INTO dbo.Bounties VALUES (17,'Groble ~ Snake Clan Tracker','Common',188,4);
INSERT INTO dbo.Bounties VALUES (35,'Fos''Daroth','Common',189,2);
INSERT INTO dbo.Bounties VALUES (1,'Dralgar, the Keeper of Burrwitch','Hero',190,4);
INSERT INTO dbo.Bounties VALUES (1,'Void Rylok','Hero',191,6);
INSERT INTO dbo.Bounties VALUES (34,'Ugdenbog Cannibal ~ Fleshcrazed','Common',192,3);
INSERT INTO dbo.Bounties VALUES (1,'Padmanestia','Hero',193,6);
INSERT INTO dbo.Bounties VALUES (1,'Ascended Attendant','Hero',194,0);
INSERT INTO dbo.Bounties VALUES (18,'Rotspew','Common',195,4);
INSERT INTO dbo.Bounties VALUES (26,'Chthonian Hungerer','Common',196,8);
INSERT INTO dbo.Bounties VALUES (1,'Skeletal Warrior','Hero',197,0);
INSERT INTO dbo.Bounties VALUES (33,'Nightmare Crawler','Common',198,6);
INSERT INTO dbo.Bounties VALUES (1,'Falgarr, the Ice Watcher ~ Frozen','Hero',199,1);
INSERT INTO dbo.Bounties VALUES (1,'Crognoth, the Blazing Vanguard','Boss',200,9);
INSERT INTO dbo.Bounties VALUES (1,'Plagius, the Decrepit','Boss',201,0);
INSERT INTO dbo.Bounties VALUES (18,'Vileclaw','Common',202,7);
INSERT INTO dbo.Bounties VALUES (27,'Thunderbloom ~ Electrified','Common',203,4);
INSERT INTO dbo.Bounties VALUES (11,'Mesmer','Common',204,4);
INSERT INTO dbo.Bounties VALUES (1,'Abner, the Forsaken One','Boss',205,8);
INSERT INTO dbo.Bounties VALUES (21,'Sister Oseltia, the Storm Maiden','Common',206,0);
INSERT INTO dbo.Bounties VALUES (39,'Vollarius ~ Arcane','Common',207,3);
INSERT INTO dbo.Bounties VALUES (36,'Avris Marrowill','Common',208,1);
INSERT INTO dbo.Bounties VALUES (37,'Bargoll, the Mouldering Mound','Common',209,6);
INSERT INTO dbo.Bounties VALUES (29,'Phigillius Stormbile','Common',210,4);
INSERT INTO dbo.Bounties VALUES (1,'Dreven Cole','Boss',211,7);
INSERT INTO dbo.Bounties VALUES (13,'Sylvarria, Queen of the Undergrowth','Common',212,8);
INSERT INTO dbo.Bounties VALUES (1,'Aetherial Crawler','Hero',213,6);
INSERT INTO dbo.Bounties VALUES (1,'The Iron Maiden','Boss',214,4);
INSERT INTO dbo.Bounties VALUES (14,'Bolvar, the Bloodbinder','Common',215,3);
INSERT INTO dbo.Bounties VALUES (23,'The Bruiser Romanov','Common',216,5);
INSERT INTO dbo.Bounties VALUES (13,'Rotspew','Common',217,4);
INSERT INTO dbo.Bounties VALUES (1,'Dar''Vagol the Mageclaw','Hero',218,5);
INSERT INTO dbo.Bounties VALUES (1,'Ignafius Mageblood ~ Arcane','Boss',219,9);
INSERT INTO dbo.Bounties VALUES (1,'Haunted Scarecrow','Hero',220,5);
INSERT INTO dbo.Bounties VALUES (26,'Verkazol ~ Vampiric','Common',221,7);
INSERT INTO dbo.Bounties VALUES (1,'Innugaru, Terror of the Void','Hero',222,3);
INSERT INTO dbo.Bounties VALUES (1,'Tridia the Skorned','Nemesis',223,7);
INSERT INTO dbo.Bounties VALUES (32,'Ar''kall, the Black Heart','Common',224,9);
INSERT INTO dbo.Bounties VALUES (1,'Narl''Sarroth','Nemesis',225,9);
INSERT INTO dbo.Bounties VALUES (1,'Gluttrius''Maw','Hero',226,3);
INSERT INTO dbo.Bounties VALUES (1,'Anaxius ~ Corrupted','Boss',227,0);
INSERT INTO dbo.Bounties VALUES (1,'Swillius','Boss',228,2);
INSERT INTO dbo.Bounties VALUES (1,'Aetherial Gutburrower','Hero',229,4);
INSERT INTO dbo.Bounties VALUES (1,'Challdrus the Coldheart','Nemesis',230,0);
INSERT INTO dbo.Bounties VALUES (26,'Milton Hart','Common',231,1);
INSERT INTO dbo.Bounties VALUES (1,'Sarmaz''Din ~ Frozen','Hero',232,2);
INSERT INTO dbo.Bounties VALUES (1,'Sllancar the Tainted','Boss',233,5);
INSERT INTO dbo.Bounties VALUES (31,'Harrath the Slaughterer','Common',234,1);
INSERT INTO dbo.Bounties VALUES (1,'Silvie','Nemesis',235,1);
INSERT INTO dbo.Bounties VALUES (13,'Frenzied Plaguebeast','Common',236,5);
INSERT INTO dbo.Bounties VALUES (1,'Balrazar, Eternal Servant of Dreeg','Hero',237,2);
INSERT INTO dbo.Bounties VALUES (1,'Julius Crowley, the Mindbender','Hero',238,6);
INSERT INTO dbo.Bounties VALUES (23,'Zal''Naroth, Guardian of the Bastion','Common',239,4);
INSERT INTO dbo.Bounties VALUES (11,'Baros Wradlith, Lord of the Lost Souls','Common',240,3);
INSERT INTO dbo.Bounties VALUES (36,'Shade of Elnadrin','Common',241,8);
INSERT INTO dbo.Bounties VALUES (1,'Vladris','Hero',242,9);
INSERT INTO dbo.Bounties VALUES (33,'Zantarin, the Immortal','Common',243,1);
INSERT INTO dbo.Bounties VALUES (1,'Convict ~ Gunman','Hero',244,5);
INSERT INTO dbo.Bounties VALUES (1,'Wralgarr, the Aethertouched ~ Corrupted','Hero',245,2);
INSERT INTO dbo.Bounties VALUES (28,'Aetherial Bloater','Common',246,0);
INSERT INTO dbo.Bounties VALUES (39,'Balok''Anatu, Bloodfiend','Common',247,8);
INSERT INTO dbo.Bounties VALUES (15,'Obsidian Pylon','Common',248,3);
INSERT INTO dbo.Bounties VALUES (1,'Convict ~ Lackey','Hero',249,4);
INSERT INTO dbo.Bounties VALUES (1,'Sargo''Din, the Hungering Maw','Hero',250,1);
INSERT INTO dbo.Bounties VALUES (1,'Harros Dred, the Damned','Hero',251,2);
INSERT INTO dbo.Bounties VALUES (1,'Stormshriek ~ Electrified','Hero',252,7);
INSERT INTO dbo.Bounties VALUES (1,'Luthus''Balok','Boss',253,7);
INSERT INTO dbo.Bounties VALUES (24,'Stormshriek ~ Electrified','Common',254,5);
INSERT INTO dbo.Bounties VALUES (1,'Agalgaraz','Hero',255,3);
INSERT INTO dbo.Bounties VALUES (1,'Nightmare Crawler','Hero',256,8);
INSERT INTO dbo.Bounties VALUES (1,'Lagoth''Ak, Harbinger of Blood','Nemesis',257,2);
INSERT INTO dbo.Bounties VALUES (1,'Janaxia, the Betrayer','Boss',258,9);
INSERT INTO dbo.Bounties VALUES (1,'Harvoul, the Earthshaker','Boss',259,6);
INSERT INTO dbo.Bounties VALUES (1,'Gawok''Mal ~ Electrified','Boss',260,3);
INSERT INTO dbo.Bounties VALUES (1,'Plagius, the Decrepit','Boss',261,2);
INSERT INTO dbo.Bounties VALUES (17,'Challdrus the Coldheart','Common',262,1);
INSERT INTO dbo.Bounties VALUES (1,'Necrolask','Boss',263,9);
INSERT INTO dbo.Bounties VALUES (33,'Bargoll, the Mouldering Mound','Common',264,8);
INSERT INTO dbo.Bounties VALUES (1,'Blightfeast ~ Charger','Hero',265,0);
INSERT INTO dbo.Bounties VALUES (1,'Illumin ~ Electrified','Hero',266,3);
INSERT INTO dbo.Bounties VALUES (1,'Garminix ~ Regenerator','Boss',267,0);
INSERT INTO dbo.Bounties VALUES (1,'Stonetusk','Hero',268,8);
INSERT INTO dbo.Bounties VALUES (34,'Moosilauke, the Chillwind','Common',269,3);
INSERT INTO dbo.Bounties VALUES (1,'Innu''Garbal','Hero',270,3);
INSERT INTO dbo.Bounties VALUES (1,'Jugak''Siin ~ Reflective','Boss',271,7);
INSERT INTO dbo.Bounties VALUES (13,'Ludia Starfire','Common',272,4);
INSERT INTO dbo.Bounties VALUES (39,'Ch''thallis, the Usurper','Common',273,4);
INSERT INTO dbo.Bounties VALUES (1,'Archmage Aleksander','Boss',274,4);
INSERT INTO dbo.Bounties VALUES (1,'Boris, Master of the Pit','Boss',275,1);
INSERT INTO dbo.Bounties VALUES (34,'Gargantuan Stonetusk','Common',276,8);
INSERT INTO dbo.Bounties VALUES (1,'Festerlis ~ Bruiser','Hero',277,0);
INSERT INTO dbo.Bounties VALUES (1,'Ascended Attendant','Hero',278,4);
INSERT INTO dbo.Bounties VALUES (1,'Councilman Garl','Nemesis',279,9);
INSERT INTO dbo.Bounties VALUES (27,'Kubacabra, the Endless Menace','Common',280,5);
INSERT INTO dbo.Bounties VALUES (16,'Odus''Aldos ~ Swift','Common',281,9);
INSERT INTO dbo.Bounties VALUES (1,'Corruptis','Boss',282,7);
INSERT INTO dbo.Bounties VALUES (1,'Ugdenbog Pitcreeper','Hero',283,3);
INSERT INTO dbo.Bounties VALUES (1,'Brother Handrick ~ Burning','Hero',284,0);
INSERT INTO dbo.Bounties VALUES (26,'Phigillius Stormbile','Common',285,4);
INSERT INTO dbo.Bounties VALUES (31,'Festerlis ~ Bruiser','Common',286,6);
INSERT INTO dbo.Bounties VALUES (22,'Thall''Nosh, the Unraveler','Common',287,3);
INSERT INTO dbo.Bounties VALUES (1,'Chthonian Vanguard','Boss',288,8);
INSERT INTO dbo.Bounties VALUES (1,'Mogara, the Prime Matriarch','Boss',289,2);
INSERT INTO dbo.Bounties VALUES (1,'Scarsnout, the Cannibal','Boss',290,0);
INSERT INTO dbo.Bounties VALUES (1,'Corpselick','Boss',291,8);
INSERT INTO dbo.Bounties VALUES (1,'Nemedian, the Reaper','Boss',292,7);
INSERT INTO dbo.Bounties VALUES (1,'Hammerton','Nemesis',293,9);
INSERT INTO dbo.Bounties VALUES (25,'Great Raven','Common',294,9);
INSERT INTO dbo.Bounties VALUES (1,'Ugdenbog Pitcreeper','Hero',295,5);
INSERT INTO dbo.Bounties VALUES (13,'Ekket''Anatu','Common',296,9);
INSERT INTO dbo.Bounties VALUES (1,'Leander Blackwater Greene','Hero',297,0);
INSERT INTO dbo.Bounties VALUES (39,'Vilnius ~ Voidtouched','Common',298,5);
INSERT INTO dbo.Bounties VALUES (29,'Vilnius ~ Voidtouched','Common',299,7);
INSERT INTO dbo.Bounties VALUES (1,'Julius Crowley, the Mindbender','Hero',300,5);
INSERT INTO dbo.Bounties VALUES (1,'Furz Venomdrinker ~ Supporter','Hero',301,5);
INSERT INTO dbo.Bounties VALUES (34,'Effigus, the Infested','Common',302,5);
INSERT INTO dbo.Bounties VALUES (38,'Javos Bonesplinter','Common',303,0);
INSERT INTO dbo.Bounties VALUES (1,'Oldrakan Pald ~ Swift','Hero',304,9);
INSERT INTO dbo.Bounties VALUES (1,'Kra''vall, Ancient of the Waters','Boss',305,8);
INSERT INTO dbo.Bounties VALUES (19,'Watcher Ordas','Common',306,5);
INSERT INTO dbo.Bounties VALUES (18,'Chilldread','Common',307,2);
INSERT INTO dbo.Bounties VALUES (31,'Olagarr, the Chaosbringer ~ Voidtouched','Common',308,5);
INSERT INTO dbo.Bounties VALUES (1,'Farros, the Rotted','Nemesis',309,1);
INSERT INTO dbo.Bounties VALUES (15,'Ugdenbog Turned','Common',310,7);
INSERT INTO dbo.Bounties VALUES (40,'Raven','Common',311,4);
INSERT INTO dbo.Bounties VALUES (1,'Yoknar','Boss',312,2);
INSERT INTO dbo.Bounties VALUES (1,'Riftsnout ~ Voidtouched','Hero',313,4);
INSERT INTO dbo.Bounties VALUES (1,'Rosena Malgos ~ Regenerator','Nemesis',314,3);
INSERT INTO dbo.Bounties VALUES (1,'Grulgor, the Tormented ~ Diseased','Nemesis',315,7);
INSERT INTO dbo.Bounties VALUES (1,'Convict ~ Thug','Hero',316,4);
INSERT INTO dbo.Bounties VALUES (1,'Nucus''Dal','Hero',317,8);
INSERT INTO dbo.Bounties VALUES (30,'Rotmouth','Common',318,9);
INSERT INTO dbo.Bounties VALUES (1,'Master Ravok, the Death''s Whisper','Hero',319,7);
INSERT INTO dbo.Bounties VALUES (1,'Chthonian Unraveler','Nemesis',320,1);
INSERT INTO dbo.Bounties VALUES (1,'Eldritch Crawler','Boss',321,7);
INSERT INTO dbo.Bounties VALUES (1,'Nomos Dred','Hero',322,4);
INSERT INTO dbo.Bounties VALUES (1,'Eldritch Arachnid','Hero',323,7);
INSERT INTO dbo.Bounties VALUES (1,'Anasteria','Hero',324,2);
INSERT INTO dbo.Bounties VALUES (1,'Ugdenbog Cannibal ~ Fleshcrazed','Hero',325,5);
INSERT INTO dbo.Bounties VALUES (1,'Anasteria','Nemesis',326,3);
INSERT INTO dbo.Bounties VALUES (29,'Kamladris, the Rimeheart','Common',327,3);
INSERT INTO dbo.Bounties VALUES (1,'Icesnap','Hero',328,1);
INSERT INTO dbo.Bounties VALUES (1,'Verona Bloodskewer','Boss',329,3);
INSERT INTO dbo.Bounties VALUES (1,'Joxallus ~ Electrified','Boss',330,5);
INSERT INTO dbo.Bounties VALUES (1,'Haunted Scarecrow','Nemesis',331,9);
INSERT INTO dbo.Bounties VALUES (1,'Waban''Ak, the Sparkmaw','Boss',332,9);
INSERT INTO dbo.Bounties VALUES (31,'Shar''Luthol ~ Shielded','Common',333,9);
INSERT INTO dbo.Bounties VALUES (22,'Crimsontail ~ Supporter','Common',334,1);
INSERT INTO dbo.Bounties VALUES (1,'Voidfiend','Boss',335,6);
INSERT INTO dbo.Bounties VALUES (37,'Apparition','Common',336,7);
INSERT INTO dbo.Bounties VALUES (28,'Overlord Van Aldritch','Common',337,9);
INSERT INTO dbo.Bounties VALUES (1,'Avris Marrowill','Hero',338,2);
INSERT INTO dbo.Bounties VALUES (36,'Effigus, the Infested','Common',339,9);
INSERT INTO dbo.Bounties VALUES (1,'Manticore Blackmane','Hero',340,4);
INSERT INTO dbo.Bounties VALUES (22,'Corpselick','Common',341,2);
INSERT INTO dbo.Bounties VALUES (1,'Festerlis ~ Bruiser','Boss',342,7);
INSERT INTO dbo.Bounties VALUES (19,'Bonechill','Common',343,0);
INSERT INTO dbo.Bounties VALUES (1,'Gravvis, the Decayed','Nemesis',344,7);
INSERT INTO dbo.Bounties VALUES (26,'Harvoul, the Earthshaker','Common',345,4);
INSERT INTO dbo.Bounties VALUES (1,'Allos Sadarin ~ Reflective','Boss',346,2);
INSERT INTO dbo.Bounties VALUES (26,'Fleshwarped Troll','Common',347,4);
INSERT INTO dbo.Bounties VALUES (27,'Nye''Kazul, the Maw of Fire','Common',348,4);
INSERT INTO dbo.Bounties VALUES (1,'Rag''Nadar, the Great Maw','Hero',349,1);
INSERT INTO dbo.Bounties VALUES (1,'Convict ~ Lackey','Boss',350,2);
INSERT INTO dbo.Bounties VALUES (1,'Chromallus ~ Timewarped','Boss',351,8);
INSERT INTO dbo.Bounties VALUES (19,'Nur''Garu, Jaws of Oblivion','Common',352,6);
INSERT INTO dbo.Bounties VALUES (14,'Yakwa''Anatu ~ Unstoppable','Common',353,5);
INSERT INTO dbo.Bounties VALUES (14,'The Sentinel','Common',354,3);
INSERT INTO dbo.Bounties VALUES (1,'Ugdenbog Pitcreeper','Hero',355,5);
INSERT INTO dbo.Bounties VALUES (28,'Benn''Jahr, the Colossal','Common',356,7);
INSERT INTO dbo.Bounties VALUES (36,'Iceskorn','Common',357,7);
INSERT INTO dbo.Bounties VALUES (34,'Karroz, Sigil of Ch''thon','Common',358,9);
INSERT INTO dbo.Bounties VALUES (1,'Corpsefire ~ Reflective','Hero',359,7);
INSERT INTO dbo.Bounties VALUES (34,'Narl''Sarroth','Common',360,9);
INSERT INTO dbo.Bounties VALUES (1,'Oppressius ~ Unstoppable','Boss',361,5);
INSERT INTO dbo.Bounties VALUES (1,'Avris Marrowill','Hero',362,5);
INSERT INTO dbo.Bounties VALUES (1,'Ragesnout ~ Swift','Boss',363,6);
INSERT INTO dbo.Bounties VALUES (1,'Chthonian Hungerer','Boss',364,1);
INSERT INTO dbo.Bounties VALUES (33,'Rotmouth','Common',365,8);
INSERT INTO dbo.Bounties VALUES (1,'Wind Devil','Boss',366,3);
INSERT INTO dbo.Bounties VALUES (1,'Wraith','Boss',367,2);
INSERT INTO dbo.Bounties VALUES (28,'The Master of Flesh ~ Theodin Marcell','Common',368,4);
INSERT INTO dbo.Bounties VALUES (15,'Frenazad ~ Burning','Common',369,3);
INSERT INTO dbo.Bounties VALUES (1,'Luthus''Balok','Hero',370,4);
INSERT INTO dbo.Bounties VALUES (1,'Vanallius the Voracious','Hero',371,4);
INSERT INTO dbo.Bounties VALUES (1,'High Priest Rolderathis','Boss',372,1);
INSERT INTO dbo.Bounties VALUES (1,'Waraplius ~ Timewarped','Hero',373,6);
INSERT INTO dbo.Bounties VALUES (35,'Fragh ~ Frozen','Common',374,9);
INSERT INTO dbo.Bounties VALUES (1,'High Priest Rolderathis','Boss',375,6);
INSERT INTO dbo.Bounties VALUES (1,'Tainted Pack Leader','Nemesis',376,1);
INSERT INTO dbo.Bounties VALUES (1,'Gabal''Thunn, the Visage of Madness','Hero',377,9);
INSERT INTO dbo.Bounties VALUES (1,'Chthonian Swarmer','Boss',378,9);
INSERT INTO dbo.Bounties VALUES (1,'Anasteria, Wrath of the Aether','Hero',379,6);
INSERT INTO dbo.Bounties VALUES (1,'Ulda Emberclaw','Hero',380,5);
INSERT INTO dbo.Bounties VALUES (24,'Narl''Maash, the Engorged','Common',381,6);
INSERT INTO dbo.Bounties VALUES (38,'Voidlurker','Common',382,5);
INSERT INTO dbo.Bounties VALUES (1,'Chilldread','Boss',383,0);
INSERT INTO dbo.Bounties VALUES (1,'Grum','Hero',384,6);
INSERT INTO dbo.Bounties VALUES (1,'Garrl ~ Voidtouched','Hero',385,7);
INSERT INTO dbo.Bounties VALUES (13,'Ulgrim','Common',386,1);
INSERT INTO dbo.Bounties VALUES (1,'Rift-Claimed Adherent','Hero',387,4);
INSERT INTO dbo.Bounties VALUES (33,'Ekket''Anatu','Common',388,9);
INSERT INTO dbo.Bounties VALUES (1,'Verkazol ~ Vampiric','Nemesis',389,8);
INSERT INTO dbo.Bounties VALUES (1,'Zal''Naroth, Guardian of the Bastion','Nemesis',390,2);
INSERT INTO dbo.Bounties VALUES (1,'Darius Cronley','Nemesis',391,0);
INSERT INTO dbo.Bounties VALUES (1,'Yakwa''Anatu ~ Unstoppable','Hero',392,7);
INSERT INTO dbo.Bounties VALUES (1,'Allos Sadarin ~ Reflective','Hero',393,3);
INSERT INTO dbo.Bounties VALUES (39,'Ludia Bloodwhisper','Common',394,5);
INSERT INTO dbo.Bounties VALUES (1,'Grum','Hero',395,9);
INSERT INTO dbo.Bounties VALUES (11,'Aetherean ~ Corrupted','Common',396,7);
INSERT INTO dbo.Bounties VALUES (1,'Corruptis','Boss',397,3);
INSERT INTO dbo.Bounties VALUES (1,'Rydal''Aldos ~ Vampiric','Nemesis',398,8);
INSERT INTO dbo.Bounties VALUES (1,'Vom''Anatu','Hero',399,2);
INSERT INTO dbo.Bounties VALUES (20,'Icesnap','Common',400,4);
INSERT INTO dbo.Bounties VALUES (1,'Nur''Garu, Jaws of Oblivion','Hero',401,7);
INSERT INTO dbo.Bounties VALUES (1,'Ugdenbog Pitcreeper','Hero',402,5);
INSERT INTO dbo.Bounties VALUES (11,'Aethoran, the Plaguebearer ~ Diseased','Common',403,9);
INSERT INTO dbo.Bounties VALUES (1,'Brother Baldris, Charge of Empyrion','Hero',404,1);
INSERT INTO dbo.Bounties VALUES (1,'Wendigo','Hero',405,8);
INSERT INTO dbo.Bounties VALUES (26,'Vileclaw','Common',406,1);
INSERT INTO dbo.Bounties VALUES (17,'Skeletal Warrior','Common',407,2);
INSERT INTO dbo.Bounties VALUES (11,'Challdrus the Coldheart','Common',408,4);
INSERT INTO dbo.Bounties VALUES (17,'Rodalgar, the Flesh Collector','Common',409,0);
INSERT INTO dbo.Bounties VALUES (1,'Milton Hart','Hero',410,7);
INSERT INTO dbo.Bounties VALUES (26,'Chaosshell ~ Voidtouched','Common',411,6);
INSERT INTO dbo.Bounties VALUES (1,'Possessed Arcanist','Hero',412,8);
INSERT INTO dbo.Bounties VALUES (22,'Bollag, Keeper of the Gates','Common',413,9);
INSERT INTO dbo.Bounties VALUES (1,'Corpselick','Hero',414,5);
INSERT INTO dbo.Bounties VALUES (1,'Bane''Zal, the Hellborn','Boss',415,2);
INSERT INTO dbo.Bounties VALUES (13,'Ullana Everfreeze ~ Frozen','Common',416,9);
INSERT INTO dbo.Bounties VALUES (1,'Handaar Bloodweaver','Nemesis',417,0);
INSERT INTO dbo.Bounties VALUES (13,'Jugak''Siin ~ Reflective','Common',418,9);
INSERT INTO dbo.Bounties VALUES (1,'Iceskorn','Boss',419,2);
INSERT INTO dbo.Bounties VALUES (1,'Noxraderad ~ Frozen','Hero',420,5);
INSERT INTO dbo.Bounties VALUES (15,'Councilman Hallos','Common',421,6);
INSERT INTO dbo.Bounties VALUES (1,'Riftsnout ~ Voidtouched','Nemesis',422,3);
INSERT INTO dbo.Bounties VALUES (1,'Narl''Maash, the Engorged','Boss',423,4);
INSERT INTO dbo.Bounties VALUES (1,'Burning Bloom','Hero',424,5);
INSERT INTO dbo.Bounties VALUES (1,'Abner, the Forsaken One','Nemesis',425,4);
INSERT INTO dbo.Bounties VALUES (39,'Ravagrad ~ Unstoppable','Common',426,8);
INSERT INTO dbo.Bounties VALUES (32,'Wrathclaw ~ Corrupted','Common',427,5);
INSERT INTO dbo.Bounties VALUES (1,'Abner, the Forsaken One','Nemesis',428,4);
INSERT INTO dbo.Bounties VALUES (1,'Jarren the Plaguewarped','Hero',429,0);
INSERT INTO dbo.Bounties VALUES (1,'Tainted Hound','Hero',430,9);
INSERT INTO dbo.Bounties VALUES (1,'Kymon''s Chosen ~ Zealot','Hero',431,0);
INSERT INTO dbo.Bounties VALUES (1,'Pavros Undylon, Flamespeaker','Boss',432,2);
INSERT INTO dbo.Bounties VALUES (1,'Odus''Aldos ~ Swift','Boss',433,8);
INSERT INTO dbo.Bounties VALUES (1,'Chillblood ~ Regenerator','Hero',434,5);
INSERT INTO dbo.Bounties VALUES (1,'Frenzied Plaguebeast','Hero',435,0);
INSERT INTO dbo.Bounties VALUES (37,'Eldritch Arachnid','Common',436,6);
INSERT INTO dbo.Bounties VALUES (12,'Cronley''s Gang ~ Gunman','Common',437,9);
INSERT INTO dbo.Bounties VALUES (37,'Chaosshell ~ Voidtouched','Common',438,7);
INSERT INTO dbo.Bounties VALUES (35,'Cronley''s Gang ~ Chosen','Common',439,8);
INSERT INTO dbo.Bounties VALUES (21,'Haval''Aldos ~ Arcane','Common',440,3);
INSERT INTO dbo.Bounties VALUES (1,'Sulkarr, the Stormtouched','Hero',441,3);
INSERT INTO dbo.Bounties VALUES (12,'Rotspew','Common',442,5);
INSERT INTO dbo.Bounties VALUES (25,'Carnivorous Plant','Common',443,3);
INSERT INTO dbo.Bounties VALUES (31,'Aetherial Bloater','Common',444,6);
INSERT INTO dbo.Bounties VALUES (18,'Stoneheart ~ Reflective','Common',445,7);
INSERT INTO dbo.Bounties VALUES (1,'Riftsnout ~ Voidtouched','Nemesis',446,7);
INSERT INTO dbo.Bounties VALUES (1,'Kymon''s Chosen ~ Zealot','Hero',447,9);
INSERT INTO dbo.Bounties VALUES (35,'Guardian of Bysmiel','Common',448,1);
INSERT INTO dbo.Bounties VALUES (17,'Walking Dead','Common',449,9);
INSERT INTO dbo.Bounties VALUES (32,'Guardian of Bysmiel','Common',450,7);
INSERT INTO dbo.Bounties VALUES (39,'Alya Dugald','Common',451,6);
INSERT INTO dbo.Bounties VALUES (22,'Oppressius ~ Unstoppable','Common',452,9);
INSERT INTO dbo.Bounties VALUES (40,'Jarren the Plaguewarped','Common',453,7);
INSERT INTO dbo.Bounties VALUES (1,'Councilman Hallos','Hero',454,8);
INSERT INTO dbo.Bounties VALUES (1,'Uroxis Swiftclaw ~ Swift','Nemesis',455,0);
INSERT INTO dbo.Bounties VALUES (17,'Maledictus','Common',456,6);
INSERT INTO dbo.Bounties VALUES (24,'Stoneheart ~ Reflective','Common',457,5);
INSERT INTO dbo.Bounties VALUES (15,'Swillius','Common',458,6);
INSERT INTO dbo.Bounties VALUES (19,'Chilltusk','Common',459,1);
INSERT INTO dbo.Bounties VALUES (1,'Tridia the Skorned','Nemesis',460,1);
INSERT INTO dbo.Bounties VALUES (1,'Sylvarria''s Vine','Boss',461,2);
INSERT INTO dbo.Bounties VALUES (1,'Ignacius ~ Burning','Nemesis',462,8);
INSERT INTO dbo.Bounties VALUES (22,'Walking Dead','Common',463,6);
INSERT INTO dbo.Bounties VALUES (1,'Haunted Crab','Hero',464,6);
INSERT INTO dbo.Bounties VALUES (1,'Nalloth, the Frostbound','Hero',465,8);
INSERT INTO dbo.Bounties VALUES (1,'Fragh ~ Frozen','Boss',466,4);
INSERT INTO dbo.Bounties VALUES (1,'Wendigo','Hero',467,0);
INSERT INTO dbo.Bounties VALUES (1,'Nightmare Crawler','Boss',468,2);
INSERT INTO dbo.Bounties VALUES (1,'Azar, the Wrathful','Boss',469,3);
INSERT INTO dbo.Bounties VALUES (39,'Gluttrius''Maw','Common',470,0);
INSERT INTO dbo.Bounties VALUES (16,'Allos Sadarin ~ Reflective','Common',471,9);
INSERT INTO dbo.Bounties VALUES (23,'Crowfiend ~ Bruiser','Common',472,8);
INSERT INTO dbo.Bounties VALUES (1,'Vladris','Hero',473,2);
INSERT INTO dbo.Bounties VALUES (1,'Vollarius ~ Arcane','Hero',474,6);
INSERT INTO dbo.Bounties VALUES (11,'Igor The Brawler','Common',475,7);
INSERT INTO dbo.Bounties VALUES (1,'Fragh ~ Frozen','Hero',476,4);
INSERT INTO dbo.Bounties VALUES (1,'Sister Bravna, the Skybreaker','Boss',477,0);
INSERT INTO dbo.Bounties VALUES (22,'Harrath the Slaughterer','Common',478,7);
INSERT INTO dbo.Bounties VALUES (1,'Rag''Nadar, the Great Maw','Hero',479,7);
INSERT INTO dbo.Bounties VALUES (12,'Packla, the Turning','Common',480,5);
INSERT INTO dbo.Bounties VALUES (26,'Valdaran, the Storm Scourge','Common',481,1);
INSERT INTO dbo.Bounties VALUES (27,'Nucus''Dal','Common',482,6);
INSERT INTO dbo.Bounties VALUES (1,'Rodalgar, the Flesh Collector','Nemesis',483,2);
INSERT INTO dbo.Bounties VALUES (1,'Ugdenbog Wretch','Nemesis',484,3);
INSERT INTO dbo.Bounties VALUES (34,'Wendigo','Common',485,7);
INSERT INTO dbo.Bounties VALUES (1,'Bloody Jack','Boss',486,6);
INSERT INTO dbo.Bounties VALUES (28,'Waraplius ~ Timewarped','Common',487,1);
INSERT INTO dbo.Bounties VALUES (1,'Fleshweaver Haraxis','Hero',488,4);
INSERT INTO dbo.Bounties VALUES (1,'Gargabol, Heart of the Wild','Hero',489,7);
INSERT INTO dbo.Bounties VALUES (1,'Rav ~ Voidtouched','Boss',490,3);
INSERT INTO dbo.Bounties VALUES (26,'Reaper of the Lost','Common',491,4);
INSERT INTO dbo.Bounties VALUES (12,'Vom''Zul','Common',492,5);
INSERT INTO dbo.Bounties VALUES (10,'Nye''Kazul, the Maw of Fire','Common',493,7);
INSERT INTO dbo.Bounties VALUES (1,'Connivius Earthshell','Hero',494,2);
INSERT INTO dbo.Bounties VALUES (1,'Bonegnash','Hero',495,2);
INSERT INTO dbo.Bounties VALUES (10,'Handaar Bloodweaver','Common',496,0);
INSERT INTO dbo.Bounties VALUES (27,'Waraplius ~ Timewarped','Common',497,7);
INSERT INTO dbo.Bounties VALUES (1,'Ugdenbog Wretch','Hero',498,7);
INSERT INTO dbo.Bounties VALUES (1,'Ugdenbog Crab','Hero',499,2);
INSERT INTO dbo.Bounties VALUES (1,'Nightmare Crawler','Hero',500,0);
INSERT INTO dbo.Bounties VALUES (1,'Aethermane ~ Corrupted','Boss',501,1);
INSERT INTO dbo.Bounties VALUES (29,'Obsidian Anomaly','Common',502,0);
INSERT INTO dbo.Bounties VALUES (1,'Madman Wilcox','Nemesis',503,5);
INSERT INTO dbo.Bounties VALUES (1,'Phanolg the Iceborn','Boss',504,4);
INSERT INTO dbo.Bounties VALUES (1,'Harrowbeak ~ Unstoppable','Boss',505,7);
INSERT INTO dbo.Bounties VALUES (20,'Fleshwarped Manticore','Common',506,5);
INSERT INTO dbo.Bounties VALUES (1,'Waban''Ak, the Sparkmaw','Boss',507,9);
INSERT INTO dbo.Bounties VALUES (1,'Handaar Bloodweaver','Hero',508,9);
INSERT INTO dbo.Bounties VALUES (1,'Aetherial Scamp','Hero',509,4);
INSERT INTO dbo.Bounties VALUES (1,'Wrathclaw ~ Corrupted','Boss',510,3);
INSERT INTO dbo.Bounties VALUES (29,'Salazar, Blade of Ch''thon','Common',511,9);
INSERT INTO dbo.Bounties VALUES (36,'Convict ~ Thug','Common',512,4);
INSERT INTO dbo.Bounties VALUES (1,'Ballan Voros ~ Reflective','Boss',513,6);
INSERT INTO dbo.Bounties VALUES (20,'Yakwa''Mal ~ Arcane','Common',514,1);
INSERT INTO dbo.Bounties VALUES (1,'Zalyth''Uthax ~ Electrified','Hero',515,3);
INSERT INTO dbo.Bounties VALUES (1,'Rift-Claimed Adherent','Boss',516,6);
INSERT INTO dbo.Bounties VALUES (1,'Scorv, Servant of Ravager','Nemesis',517,0);
INSERT INTO dbo.Bounties VALUES (1,'Conastaria','Hero',518,0);
INSERT INTO dbo.Bounties VALUES (1,'Olithot''Mal the Tormentor','Boss',519,2);
INSERT INTO dbo.Bounties VALUES (1,'Chaosshell ~ Voidtouched','Boss',520,1);
INSERT INTO dbo.Bounties VALUES (34,'Wen''Kazul, the Hungering Blade','Common',521,5);
INSERT INTO dbo.Bounties VALUES (34,'Pusquill the Hoarder','Common',522,3);
INSERT INTO dbo.Bounties VALUES (1,'Wind Devil','Boss',523,5);
INSERT INTO dbo.Bounties VALUES (1,'Carnivorous Plant','Boss',524,0);
INSERT INTO dbo.Bounties VALUES (1,'Ekket''Anatu','Boss',525,3);
INSERT INTO dbo.Bounties VALUES (1,'Ugdenbog Pitcreeper','Hero',526,8);
INSERT INTO dbo.Bounties VALUES (22,'Chillheart ~ Frozen','Common',527,2);
INSERT INTO dbo.Bounties VALUES (1,'Neegan, the Withered','Boss',528,7);
INSERT INTO dbo.Bounties VALUES (1,'Gornax, the Nightmare','Boss',529,2);
INSERT INTO dbo.Bounties VALUES (23,'Death Revenant','Common',530,3);
INSERT INTO dbo.Bounties VALUES (1,'Archmage Aleksander','Hero',531,9);
INSERT INTO dbo.Bounties VALUES (11,'Zanbrandt, the Ascended','Common',532,7);
INSERT INTO dbo.Bounties VALUES (1,'Boris, Master of the Pit','Hero',533,5);
INSERT INTO dbo.Bounties VALUES (1,'Falgarr, the Ice Watcher ~ Frozen','Boss',534,9);
INSERT INTO dbo.Bounties VALUES (1,'Rhidal''Gulvor the Stormblood','Hero',535,0);
INSERT INTO dbo.Bounties VALUES (40,'Ordran''Daroth','Common',536,5);
INSERT INTO dbo.Bounties VALUES (27,'Kra''vall, Ancient of the Waters','Common',537,8);
INSERT INTO dbo.Bounties VALUES (1,'Eldritch Mongrel','Boss',538,0);
INSERT INTO dbo.Bounties VALUES (1,'Maledictus','Hero',539,3);
INSERT INTO dbo.Bounties VALUES (26,'Embrallis ~ Burning','Common',540,1);
INSERT INTO dbo.Bounties VALUES (1,'Haldra the Bloodlust','Hero',541,2);
INSERT INTO dbo.Bounties VALUES (1,'Gilisten, the Reborn','Boss',542,5);
INSERT INTO dbo.Bounties VALUES (1,'Groble ~ Snake Clan Scavenger','Hero',543,6);
INSERT INTO dbo.Bounties VALUES (20,'Ugdall, Wrath of the Ugdenbog','Common',544,3);
INSERT INTO dbo.Bounties VALUES (1,'Dred One-Eye','Hero',545,3);
INSERT INTO dbo.Bounties VALUES (1,'Sarmaz''Din ~ Frozen','Boss',546,8);
INSERT INTO dbo.Bounties VALUES (14,'Hellhound','Common',547,9);
INSERT INTO dbo.Bounties VALUES (13,'Fleshweaver Haraxis','Common',548,6);
INSERT INTO dbo.Bounties VALUES (1,'Nii''Thel ~ Bruiser','Nemesis',549,6);
INSERT INTO dbo.Bounties VALUES (1,'Ashe The Wall Farrell','Hero',550,6);
INSERT INTO dbo.Bounties VALUES (1,'Igor The Brawler','Hero',551,0);
INSERT INTO dbo.Bounties VALUES (1,'Reaper of the Lost','Boss',552,6);
INSERT INTO dbo.Bounties VALUES (25,'Corruption','Common',553,8);
INSERT INTO dbo.Bounties VALUES (15,'Holvuur Bonespeaker','Common',554,2);
INSERT INTO dbo.Bounties VALUES (1,'Laudos Vagra','Boss',555,1);
INSERT INTO dbo.Bounties VALUES (1,'Ulda Emberclaw','Nemesis',556,6);
INSERT INTO dbo.Bounties VALUES (1,'Aetherblaze','Nemesis',557,1);
INSERT INTO dbo.Bounties VALUES (1,'Chthonian Vanguard','Hero',558,7);
INSERT INTO dbo.Bounties VALUES (33,'Farros, the Rotted','Common',559,7);
INSERT INTO dbo.Bounties VALUES (1,'Gravvis, the Decayed','Boss',560,3);
INSERT INTO dbo.Bounties VALUES (1,'Haunted Scarecrow','Boss',561,9);
INSERT INTO dbo.Bounties VALUES (1,'Grum','Boss',562,3);
INSERT INTO dbo.Bounties VALUES (1,'Anasteria, Wrath of the Aether','Boss',563,1);
INSERT INTO dbo.Bounties VALUES (1,'Mogdrogen''s Boneback','Boss',564,5);
INSERT INTO dbo.Bounties VALUES (1,'Rosena Malgos ~ Regenerator','Boss',565,6);
INSERT INTO dbo.Bounties VALUES (37,'Riftsnout ~ Voidtouched','Common',566,1);
INSERT INTO dbo.Bounties VALUES (1,'Wourble ~ Reflective','Nemesis',567,5);
INSERT INTO dbo.Bounties VALUES (18,'Wen''Kazul, the Hungering Blade','Common',568,3);
INSERT INTO dbo.Bounties VALUES (1,'Hauldros the Burningbile','Hero',569,1);
INSERT INTO dbo.Bounties VALUES (38,'Nightmare Crawler','Common',570,1);
INSERT INTO dbo.Bounties VALUES (39,'Igniaa Venomtongue','Common',571,6);
INSERT INTO dbo.Bounties VALUES (1,'Everett, the Bloodbound ~ Burning','Hero',572,6);
INSERT INTO dbo.Bounties VALUES (1,'Mortallis','Nemesis',573,9);
INSERT INTO dbo.Bounties VALUES (1,'Allos Sadarin ~ Reflective','Nemesis',574,8);
INSERT INTO dbo.Bounties VALUES (1,'Icesnap','Boss',575,3);
INSERT INTO dbo.Bounties VALUES (1,'Aetherwraith ~ Corrupted','Boss',576,0);
INSERT INTO dbo.Bounties VALUES (1,'Scavenger','Hero',577,7);
INSERT INTO dbo.Bounties VALUES (38,'Plague Walker','Common',578,3);
INSERT INTO dbo.Bounties VALUES (1,'Rag''Nadar, the Great Maw','Boss',579,4);
INSERT INTO dbo.Bounties VALUES (38,'Bollag, Keeper of the Gates','Common',580,9);
INSERT INTO dbo.Bounties VALUES (1,'Waroxis Crimsonclaw ~ Bruiser','Boss',581,0);
INSERT INTO dbo.Bounties VALUES (35,'Skeletal Archer','Common',582,6);
INSERT INTO dbo.Bounties VALUES (1,'Aetherial Crawler','Hero',583,7);
INSERT INTO dbo.Bounties VALUES (1,'Hagalvar, the Bone Monger','Hero',584,0);
INSERT INTO dbo.Bounties VALUES (1,'Illumin ~ Electrified','Boss',585,0);
INSERT INTO dbo.Bounties VALUES (1,'Janaxia, the Betrayer','Boss',586,0);
INSERT INTO dbo.Bounties VALUES (1,'Harvoul, the Earthshaker','Nemesis',587,7);
INSERT INTO dbo.Bounties VALUES (29,'Sharanatu, Harbinger of the Void','Common',588,1);
INSERT INTO dbo.Bounties VALUES (21,'Poisonous Bloom','Common',589,2);
INSERT INTO dbo.Bounties VALUES (1,'Caladrak ~ Unstoppable','Nemesis',590,9);
INSERT INTO dbo.Bounties VALUES (1,'Frenzied Plaguebeast','Hero',591,1);
INSERT INTO dbo.Bounties VALUES (23,'Rodalgar, the Flesh Collector','Common',592,2);
INSERT INTO dbo.Bounties VALUES (1,'Aetherial Crawler','Boss',593,8);
INSERT INTO dbo.Bounties VALUES (23,'Mutallor ~ Regenerator','Common',594,4);
INSERT INTO dbo.Bounties VALUES (1,'Watcher Brandis','Boss',595,5);
INSERT INTO dbo.Bounties VALUES (25,'Chthonian Swarmer','Common',596,5);
INSERT INTO dbo.Bounties VALUES (31,'Ignafius Mageblood ~ Arcane','Common',597,9);
INSERT INTO dbo.Bounties VALUES (1,'Hagalvar, the Bone Monger','Boss',598,5);
INSERT INTO dbo.Bounties VALUES (1,'Crimsontail ~ Supporter','Hero',599,6);
INSERT INTO dbo.Bounties VALUES (1,'Gawtok''Anatu','Boss',600,0);
INSERT INTO dbo.Bounties VALUES (21,'Ekket''Anatu','Common',601,5);
INSERT INTO dbo.Bounties VALUES (1,'Whitemane, the Thunderstruck','Nemesis',602,3);
INSERT INTO dbo.Bounties VALUES (1,'Torraxsteria','Boss',603,6);
INSERT INTO dbo.Bounties VALUES (1,'Lagoth''Ak, Harbinger of Blood','Boss',604,5);
INSERT INTO dbo.Bounties VALUES (22,'Bloodclaw','Common',605,7);
INSERT INTO dbo.Bounties VALUES (18,'Gargantuan Chilltusk','Common',606,7);
INSERT INTO dbo.Bounties VALUES (40,'Bloodclaw','Common',607,2);
INSERT INTO dbo.Bounties VALUES (25,'Corpusia ~ Reflective','Common',608,0);
INSERT INTO dbo.Bounties VALUES (1,'Sentinel''s Beacon','Boss',609,1);
INSERT INTO dbo.Bounties VALUES (33,'Rosena Malgos ~ Regenerator','Common',610,1);
INSERT INTO dbo.Bounties VALUES (1,'Corruption','Nemesis',611,3);
INSERT INTO dbo.Bounties VALUES (1,'Wraith','Hero',612,3);
INSERT INTO dbo.Bounties VALUES (16,'Crognoth, the Blazing Vanguard','Common',613,0);
INSERT INTO dbo.Bounties VALUES (40,'Raxa, the Jade Huntress','Common',614,5);
INSERT INTO dbo.Bounties VALUES (40,'Odus''Aldos ~ Swift','Common',615,9);
INSERT INTO dbo.Bounties VALUES (1,'Olga Flamebearer','Boss',616,7);
INSERT INTO dbo.Bounties VALUES (1,'Vom''Anatu','Hero',617,0);
INSERT INTO dbo.Bounties VALUES (1,'Bargoll, the Mouldering Mound','Boss',618,1);
INSERT INTO dbo.Bounties VALUES (1,'Stormshriek ~ Electrified','Hero',619,0);
INSERT INTO dbo.Bounties VALUES (1,'Laudos Vagra','Hero',620,1);
INSERT INTO dbo.Bounties VALUES (33,'Ludia Bloodwhisper','Common',621,3);
INSERT INTO dbo.Bounties VALUES (16,'Stormshriek ~ Electrified','Common',622,3);
INSERT INTO dbo.Bounties VALUES (11,'Uroxis Swiftclaw ~ Swift','Common',623,3);
INSERT INTO dbo.Bounties VALUES (24,'Teselon ~ Electrified','Common',624,2);
INSERT INTO dbo.Bounties VALUES (1,'Councilman Garl','Nemesis',625,3);
INSERT INTO dbo.Bounties VALUES (28,'Stormshriek ~ Electrified','Common',626,8);
INSERT INTO dbo.Bounties VALUES (1,'Chillheart ~ Frozen','Boss',627,7);
INSERT INTO dbo.Bounties VALUES (26,'Tainted Hound','Common',628,6);
INSERT INTO dbo.Bounties VALUES (13,'Jillius, the Decayed','Common',629,4);
INSERT INTO dbo.Bounties VALUES (38,'Leander Blackwater Greene','Common',630,8);
INSERT INTO dbo.Bounties VALUES (13,'Hauldros the Burningbile','Common',631,8);
INSERT INTO dbo.Bounties VALUES (1,'Beholdan ~ Reflective','Nemesis',632,4);
INSERT INTO dbo.Bounties VALUES (40,'Zaria, the Carver','Common',633,2);
INSERT INTO dbo.Bounties VALUES (1,'Scarsnout, the Cannibal','Hero',634,1);
INSERT INTO dbo.Bounties VALUES (29,'Ordran''Daroth','Common',635,1);
INSERT INTO dbo.Bounties VALUES (1,'Trapped Wraith','Boss',636,2);
INSERT INTO dbo.Bounties VALUES (1,'Rotmouth','Hero',637,8);
INSERT INTO dbo.Bounties VALUES (33,'Haunted Scarecrow','Common',638,7);
INSERT INTO dbo.Bounties VALUES (15,'Neak Dugald','Common',639,1);
INSERT INTO dbo.Bounties VALUES (23,'Phris Dugald','Common',640,1);
INSERT INTO dbo.Bounties VALUES (17,'Ugdenbog Turned','Common',641,4);
INSERT INTO dbo.Bounties VALUES (15,'Fleshweaver Haraxis','Common',642,1);
INSERT INTO dbo.Bounties VALUES (1,'Naxen Shade','Boss',643,2);
INSERT INTO dbo.Bounties VALUES (23,'Effigus, the Infested','Common',644,0);
INSERT INTO dbo.Bounties VALUES (37,'Plague Walker','Common',645,1);
INSERT INTO dbo.Bounties VALUES (1,'Entropic Void','Hero',646,5);
INSERT INTO dbo.Bounties VALUES (1,'Haval''Aldos ~ Arcane','Boss',647,1);
INSERT INTO dbo.Bounties VALUES (1,'Wen''Kazul, the Hungering Blade','Hero',648,2);
INSERT INTO dbo.Bounties VALUES (23,'Bloody Jack','Common',649,4);
INSERT INTO dbo.Bounties VALUES (1,'Raxa, the Jade Huntress','Boss',650,8);
INSERT INTO dbo.Bounties VALUES (16,'Moosilauke, the Chillwind','Common',651,0);
INSERT INTO dbo.Bounties VALUES (23,'Groble ~ Snake Clan Tracker','Common',652,0);
INSERT INTO dbo.Bounties VALUES (34,'Nucus''Dal','Common',653,0);
INSERT INTO dbo.Bounties VALUES (1,'Habnor the Void-Chosen','Hero',654,5);
INSERT INTO dbo.Bounties VALUES (1,'Yakwa''Mal ~ Arcane','Hero',655,6);
INSERT INTO dbo.Bounties VALUES (1,'Convict ~ Thug','Nemesis',656,8);
INSERT INTO dbo.Bounties VALUES (24,'Bonegnash','Common',657,6);
INSERT INTO dbo.Bounties VALUES (1,'Sleyvak The Breaker','Boss',658,7);
INSERT INTO dbo.Bounties VALUES (1,'Garminix ~ Regenerator','Boss',659,7);
INSERT INTO dbo.Bounties VALUES (37,'Hellmane ~ Burning','Common',660,3);
INSERT INTO dbo.Bounties VALUES (1,'Anasteria','Boss',661,8);
INSERT INTO dbo.Bounties VALUES (1,'Aldanar, the Undying','Hero',662,8);
INSERT INTO dbo.Bounties VALUES (1,'Rav ~ Voidtouched','Hero',663,8);
INSERT INTO dbo.Bounties VALUES (23,'Harvoul, the Earthshaker','Common',664,5);
INSERT INTO dbo.Bounties VALUES (39,'Tollia Splittongue','Common',665,2);
INSERT INTO dbo.Bounties VALUES (20,'Leander Blackwater Greene','Common',666,9);
INSERT INTO dbo.Bounties VALUES (1,'Aetherean ~ Corrupted','Hero',667,3);
INSERT INTO dbo.Bounties VALUES (1,'Aetheros','Hero',668,3);
INSERT INTO dbo.Bounties VALUES (16,'Gluttrius''Maw','Common',669,0);
INSERT INTO dbo.Bounties VALUES (1,'Maledictus','Boss',670,8);
INSERT INTO dbo.Bounties VALUES (29,'Igor The Brawler','Common',671,8);
INSERT INTO dbo.Bounties VALUES (12,'Gravvis, the Decayed','Common',672,2);
INSERT INTO dbo.Bounties VALUES (24,'Scavenger','Common',673,6);
INSERT INTO dbo.Bounties VALUES (1,'Shar''Zul, Harbinger of Chaos','Hero',674,7);
INSERT INTO dbo.Bounties VALUES (1,'Jormundur ~ Diseased','Hero',675,3);
INSERT INTO dbo.Bounties VALUES (1,'Nadra, the Shadow','Hero',676,7);
INSERT INTO dbo.Bounties VALUES (1,'Luthus''Balok','Boss',677,6);
INSERT INTO dbo.Bounties VALUES (12,'Asper ~ Swift','Common',678,0);
INSERT INTO dbo.Bounties VALUES (1,'Bloodthirsty Bloom','Hero',679,6);
INSERT INTO dbo.Bounties VALUES (1,'Moneybags Martin','Hero',680,5);
INSERT INTO dbo.Bounties VALUES (39,'Karroz, Sigil of Ch''thon','Common',681,9);
INSERT INTO dbo.Bounties VALUES (1,'Eldritch Hound','Hero',682,5);
INSERT INTO dbo.Bounties VALUES (16,'Namadea, the Screecher','Common',683,6);
INSERT INTO dbo.Bounties VALUES (40,'Valdaran, the Storm Scourge','Common',684,3);
INSERT INTO dbo.Bounties VALUES (38,'Jugak''Siin ~ Reflective','Common',685,8);
INSERT INTO dbo.Bounties VALUES (1,'Corpselick','Boss',686,7);
INSERT INTO dbo.Bounties VALUES (1,'Ravagrad ~ Unstoppable','Hero',687,4);
INSERT INTO dbo.Bounties VALUES (23,'Bellia Everthirst ~ Vampiric','Common',688,5);
INSERT INTO dbo.Bounties VALUES (1,'Haldra the Bloodlust','Hero',689,0);
INSERT INTO dbo.Bounties VALUES (1,'Narl''Sarroth','Hero',690,3);
INSERT INTO dbo.Bounties VALUES (1,'Alrick Magefire','Nemesis',691,6);
INSERT INTO dbo.Bounties VALUES (1,'Bolvaris, the Glacierborn','Hero',692,7);
INSERT INTO dbo.Bounties VALUES (1,'Shar''Oruuth','Nemesis',693,8);
INSERT INTO dbo.Bounties VALUES (1,'Venarius, the Backbreaker','Hero',694,7);
INSERT INTO dbo.Bounties VALUES (1,'Innugaru, Terror of the Void','Nemesis',695,6);
INSERT INTO dbo.Bounties VALUES (1,'High Priest Rolderathis','Hero',696,9);
INSERT INTO dbo.Bounties VALUES (1,'Bloodthirsty Bloom','Boss',697,5);
INSERT INTO dbo.Bounties VALUES (1,'Wiley, the Slasher ~ Swift','Boss',698,0);
INSERT INTO dbo.Bounties VALUES (24,'Ballog''Nath, the Hellfire','Common',699,3);
INSERT INTO dbo.Bounties VALUES (29,'Uroboruuk''s Guardian','Common',700,8);
INSERT INTO dbo.Bounties VALUES (1,'Harrath the Slaughterer','Boss',701,1);
INSERT INTO dbo.Bounties VALUES (1,'Fleshwarped Corruption','Boss',702,3);
INSERT INTO dbo.Bounties VALUES (17,'Fabius the Unseen Gonzar','Common',703,6);
INSERT INTO dbo.Bounties VALUES (11,'Rotmane ~ Diseased','Common',704,0);
INSERT INTO dbo.Bounties VALUES (1,'Cronley''s Gang ~ Gunman','Hero',705,4);
INSERT INTO dbo.Bounties VALUES (1,'Brother Baldris, Charge of Empyrion','Hero',706,7);
INSERT INTO dbo.Bounties VALUES (1,'Bargoll, the Mouldering Mound','Hero',707,9);
INSERT INTO dbo.Bounties VALUES (1,'Void Parasite','Boss',708,2);
INSERT INTO dbo.Bounties VALUES (36,'Harrowbeak ~ Unstoppable','Common',709,1);
INSERT INTO dbo.Bounties VALUES (1,'Ravagrad ~ Unstoppable','Nemesis',710,9);
INSERT INTO dbo.Bounties VALUES (1,'Convict ~ Lackey','Hero',711,3);
INSERT INTO dbo.Bounties VALUES (29,'Ballog''Nath, the Hellfire','Common',712,2);
INSERT INTO dbo.Bounties VALUES (1,'Master Ravok, the Death''s Whisper','Hero',713,1);
INSERT INTO dbo.Bounties VALUES (1,'Nightmare Crawler','Nemesis',714,6);
INSERT INTO dbo.Bounties VALUES (16,'Ulgrim','Common',715,4);
INSERT INTO dbo.Bounties VALUES (1,'Verona Bloodskewer','Boss',716,8);
INSERT INTO dbo.Bounties VALUES (1,'Chillpincer','Boss',717,5);
INSERT INTO dbo.Bounties VALUES (1,'Sharn, the Cursed','Nemesis',718,8);
INSERT INTO dbo.Bounties VALUES (1,'Direni','Nemesis',719,3);
INSERT INTO dbo.Bounties VALUES (1,'Corruption','Boss',720,2);
INSERT INTO dbo.Bounties VALUES (1,'Chillheart ~ Frozen','Hero',721,3);
INSERT INTO dbo.Bounties VALUES (37,'Verona Bloodskewer','Common',722,0);
INSERT INTO dbo.Bounties VALUES (11,'Aetherwraith ~ Corrupted','Common',723,7);
INSERT INTO dbo.Bounties VALUES (1,'Hellspawn','Boss',724,2);
INSERT INTO dbo.Bounties VALUES (1,'Ignacius ~ Burning','Boss',725,1);
INSERT INTO dbo.Bounties VALUES (1,'Stonetusk','Nemesis',726,3);
INSERT INTO dbo.Bounties VALUES (16,'Haval''Aldos ~ Arcane','Common',727,9);
INSERT INTO dbo.Bounties VALUES (14,'Eldon Snakeskin ~ Regenerator','Common',728,1);
INSERT INTO dbo.Bounties VALUES (25,'Chthonian Swarmer','Common',729,0);
INSERT INTO dbo.Bounties VALUES (1,'Watcher Ygraad','Nemesis',730,5);
INSERT INTO dbo.Bounties VALUES (1,'Cyrian Marcan','Boss',731,0);
INSERT INTO dbo.Bounties VALUES (1,'Habnor the Void-Chosen','Boss',732,7);
INSERT INTO dbo.Bounties VALUES (19,'Entropic Void','Common',733,0);
INSERT INTO dbo.Bounties VALUES (13,'Ekket''Zul, Progenitor of Darkness','Common',734,6);
INSERT INTO dbo.Bounties VALUES (18,'Jarren the Plaguewarped','Common',735,8);
INSERT INTO dbo.Bounties VALUES (23,'Haunted Spikeshell','Common',736,8);
INSERT INTO dbo.Bounties VALUES (1,'Ascended Attendant','Hero',737,9);
INSERT INTO dbo.Bounties VALUES (1,'Vilnius ~ Voidtouched','Hero',738,2);
INSERT INTO dbo.Bounties VALUES (1,'Hagras Aetherflame','Hero',739,5);
INSERT INTO dbo.Bounties VALUES (1,'Commander Lucius','Hero',740,7);
INSERT INTO dbo.Bounties VALUES (1,'Great Raven','Nemesis',741,7);
INSERT INTO dbo.Bounties VALUES (11,'Cult of the Wendigo ~ Aspirant','Common',742,7);
INSERT INTO dbo.Bounties VALUES (28,'Whitemane, the Thunderstruck','Common',743,7);
INSERT INTO dbo.Bounties VALUES (1,'Councilman Hallos','Hero',744,3);
INSERT INTO dbo.Bounties VALUES (39,'Rift-Claimed Adherent','Common',745,6);
INSERT INTO dbo.Bounties VALUES (1,'Hellwraith ~ Burning','Nemesis',746,9);
INSERT INTO dbo.Bounties VALUES (23,'Oligeane Dar','Common',747,2);
INSERT INTO dbo.Bounties VALUES (1,'Hungeron ~ Vampiric','Hero',748,6);
INSERT INTO dbo.Bounties VALUES (1,'Hungeron ~ Vampiric','Hero',749,3);
INSERT INTO dbo.Bounties VALUES (1,'Madman Wilcox','Nemesis',750,0);
INSERT INTO dbo.Bounties VALUES (1,'Nicholas Balthazar','Boss',751,2);
INSERT INTO dbo.Bounties VALUES (1,'The Amalgamation','Boss',752,5);
INSERT INTO dbo.Bounties VALUES (31,'Pulv''Daroth','Common',753,8);
INSERT INTO dbo.Bounties VALUES (1,'Rot-Eye','Hero',754,4);
INSERT INTO dbo.Bounties VALUES (1,'Holvuur Bonespeaker','Hero',755,1);
INSERT INTO dbo.Bounties VALUES (23,'Chthonian Unraveler','Common',756,5);
INSERT INTO dbo.Bounties VALUES (11,'Verkazol ~ Vampiric','Common',757,4);
INSERT INTO dbo.Bounties VALUES (1,'Halvastra Wrathfire','Nemesis',758,0);
INSERT INTO dbo.Bounties VALUES (22,'Thall''Nosh, the Unraveler','Common',759,7);
INSERT INTO dbo.Bounties VALUES (24,'Chthonian Vanguard','Common',760,5);
INSERT INTO dbo.Bounties VALUES (12,'Guardian of Bysmiel','Common',761,5);
INSERT INTO dbo.Bounties VALUES (1,'Overlord Van Aldritch','Boss',762,3);
INSERT INTO dbo.Bounties VALUES (1,'Rydal''Aldos ~ Vampiric','Hero',763,0);
INSERT INTO dbo.Bounties VALUES (38,'Skeletal Archer','Common',764,1);
INSERT INTO dbo.Bounties VALUES (1,'Ekket''Anatu','Boss',765,2);
INSERT INTO dbo.Bounties VALUES (18,'Bane''Galgalor, Guardian of the Gates','Common',766,1);
INSERT INTO dbo.Bounties VALUES (23,'Igor The Brawler','Common',767,1);
INSERT INTO dbo.Bounties VALUES (1,'Nye''Kazul, the Maw of Fire','Hero',768,6);
INSERT INTO dbo.Bounties VALUES (17,'Dar''Vagol the Mageclaw','Common',769,0);
INSERT INTO dbo.Bounties VALUES (1,'Pulv''Daroth','Hero',770,7);
INSERT INTO dbo.Bounties VALUES (28,'Cronley''s Gang ~ Lackey','Common',771,3);
INSERT INTO dbo.Bounties VALUES (1,'Gornax, the Nightmare','Hero',772,1);
INSERT INTO dbo.Bounties VALUES (37,'The Amalgamation','Common',773,5);
INSERT INTO dbo.Bounties VALUES (1,'Aetheros','Boss',774,3);
INSERT INTO dbo.Bounties VALUES (18,'Palros, Protector of the Pack ~ Defender','Common',775,3);
INSERT INTO dbo.Bounties VALUES (1,'Leander Blackwater Greene','Hero',776,2);
INSERT INTO dbo.Bounties VALUES (1,'Jarren the Plaguewarped','Boss',777,1);
INSERT INTO dbo.Bounties VALUES (1,'Nucus''Dal','Boss',778,1);
INSERT INTO dbo.Bounties VALUES (11,'Vagarroth the Insatiable','Common',779,1);
INSERT INTO dbo.Bounties VALUES (20,'Archon Barthollem','Common',780,1);
INSERT INTO dbo.Bounties VALUES (1,'Balros, the Malformed','Hero',781,4);
INSERT INTO dbo.Bounties VALUES (1,'Furz Venomdrinker ~ Supporter','Hero',782,3);
INSERT INTO dbo.Bounties VALUES (26,'Maledictus','Common',783,8);
INSERT INTO dbo.Bounties VALUES (1,'Ragesnout ~ Swift','Boss',784,6);
INSERT INTO dbo.Bounties VALUES (1,'Rimeclaw ~ Frozen','Hero',785,6);
INSERT INTO dbo.Bounties VALUES (1,'Nur''Garu, Jaws of Oblivion','Hero',786,0);
INSERT INTO dbo.Bounties VALUES (1,'Sen''Thel Voidbringer','Boss',787,1);
INSERT INTO dbo.Bounties VALUES (1,'Convict ~ Thug','Hero',788,6);
INSERT INTO dbo.Bounties VALUES (1,'Shar''Zul, Harbinger of Chaos','Hero',789,8);
INSERT INTO dbo.Bounties VALUES (1,'Waroxis Crimsonclaw ~ Bruiser','Boss',790,8);
INSERT INTO dbo.Bounties VALUES (1,'Corpselick','Boss',791,7);
INSERT INTO dbo.Bounties VALUES (1,'Carraxus Foul','Nemesis',792,8);
INSERT INTO dbo.Bounties VALUES (1,'Vileclaw','Boss',793,9);
INSERT INTO dbo.Bounties VALUES (1,'Writhing Tentacle','Hero',794,8);
INSERT INTO dbo.Bounties VALUES (1,'Sharanatu, Harbinger of the Void','Hero',795,6);
INSERT INTO dbo.Bounties VALUES (1,'Harros Dred, the Damned','Boss',796,2);
INSERT INTO dbo.Bounties VALUES (31,'Agalgaraz','Common',797,7);
INSERT INTO dbo.Bounties VALUES (1,'Olagarr, the Chaosbringer ~ Voidtouched','Boss',798,1);
INSERT INTO dbo.Bounties VALUES (1,'Oldrakan Pald ~ Swift','Hero',799,0);
INSERT INTO dbo.Bounties VALUES (19,'Ragesnout ~ Swift','Common',800,1);
INSERT INTO dbo.Bounties VALUES (1,'Stoneheart ~ Reflective','Hero',801,6);
INSERT INTO dbo.Bounties VALUES (1,'Leander Blackwater Greene','Hero',802,1);
INSERT INTO dbo.Bounties VALUES (20,'Oligeane Dar','Common',803,1);
INSERT INTO dbo.Bounties VALUES (28,'Ballior ~ Burning','Common',804,9);
INSERT INTO dbo.Bounties VALUES (11,'Ludia Starfire','Common',805,1);
INSERT INTO dbo.Bounties VALUES (1,'Wen''Kazul, the Hungering Blade','Nemesis',806,3);
INSERT INTO dbo.Bounties VALUES (31,'Alrick Magefire','Common',807,9);
INSERT INTO dbo.Bounties VALUES (1,'Rimeclaw ~ Frozen','Boss',808,6);
INSERT INTO dbo.Bounties VALUES (16,'Guardian of Bysmiel','Common',809,4);
INSERT INTO dbo.Bounties VALUES (39,'Lagoth''Ak, Harbinger of Blood','Common',810,6);
INSERT INTO dbo.Bounties VALUES (1,'Convict ~ Thug','Hero',811,3);
INSERT INTO dbo.Bounties VALUES (1,'Naakala ~ Regenerator','Nemesis',812,6);
INSERT INTO dbo.Bounties VALUES (1,'Ollivioth','Nemesis',813,6);
INSERT INTO dbo.Bounties VALUES (1,'Vanoxxis Bile','Boss',814,4);
INSERT INTO dbo.Bounties VALUES (29,'Habnor the Void-Chosen','Common',815,0);
INSERT INTO dbo.Bounties VALUES (1,'Councilman Garl','Hero',816,9);
INSERT INTO dbo.Bounties VALUES (13,'Uroboruuk''s Guardian','Common',817,9);
INSERT INTO dbo.Bounties VALUES (14,'Corpsefire ~ Reflective','Common',818,9);
INSERT INTO dbo.Bounties VALUES (1,'Chromallus ~ Timewarped','Boss',819,3);
INSERT INTO dbo.Bounties VALUES (1,'Bloodclaw','Hero',820,7);
INSERT INTO dbo.Bounties VALUES (1,'Mortallis','Hero',821,2);
INSERT INTO dbo.Bounties VALUES (36,'Fleshwarped Corruption','Common',822,7);
INSERT INTO dbo.Bounties VALUES (1,'Ludia Bloodwhisper','Boss',823,1);
INSERT INTO dbo.Bounties VALUES (1,'Kra''vall''s Tentacle','Nemesis',824,1);
INSERT INTO dbo.Bounties VALUES (15,'Bolvaris, the Glacierborn','Common',825,1);
INSERT INTO dbo.Bounties VALUES (1,'Manticore Blackmane','Hero',826,5);
INSERT INTO dbo.Bounties VALUES (35,'Lunal''Valgoth, Steward of Darkness','Common',827,4);
INSERT INTO dbo.Bounties VALUES (12,'Tainted Pack Leader','Common',828,4);
INSERT INTO dbo.Bounties VALUES (21,'Oppressius ~ Unstoppable','Common',829,1);
INSERT INTO dbo.Bounties VALUES (26,'Rostov, the Aetherflame','Common',830,8);
INSERT INTO dbo.Bounties VALUES (31,'Shar''Oruuth','Common',831,0);
INSERT INTO dbo.Bounties VALUES (1,'Rotspew','Boss',832,8);
INSERT INTO dbo.Bounties VALUES (23,'Guardian of Bysmiel','Common',833,6);
INSERT INTO dbo.Bounties VALUES (16,'Virulent Growth ~ Diseased','Common',834,4);
INSERT INTO dbo.Bounties VALUES (1,'Obsidian Shard','Hero',835,3);
INSERT INTO dbo.Bounties VALUES (1,'Aetheros','Nemesis',836,9);
INSERT INTO dbo.Bounties VALUES (1,'Lunal''Valgoth, Steward of Darkness','Nemesis',837,3);
INSERT INTO dbo.Bounties VALUES (1,'Vanallius the Voracious','Boss',838,9);
INSERT INTO dbo.Bounties VALUES (14,'Chilltusk','Common',839,0);
INSERT INTO dbo.Bounties VALUES (1,'Corruptis','Nemesis',840,5);
INSERT INTO dbo.Bounties VALUES (1,'Blazara Firemane','Boss',841,5);
INSERT INTO dbo.Bounties VALUES (1,'Handarroth','Hero',842,7);
INSERT INTO dbo.Bounties VALUES (20,'Abner, the Forsaken One','Common',843,9);
INSERT INTO dbo.Bounties VALUES (1,'Embrallis ~ Burning','Boss',844,2);
INSERT INTO dbo.Bounties VALUES (37,'Chthonian Swarmer','Common',845,8);
INSERT INTO dbo.Bounties VALUES (1,'Raven','Boss',846,2);
INSERT INTO dbo.Bounties VALUES (30,'Wrathtalon ~ Corrupted','Common',847,7);
INSERT INTO dbo.Bounties VALUES (1,'Gargantuan Chilltusk','Hero',848,7);
INSERT INTO dbo.Bounties VALUES (29,'Shade of Elnadrin','Common',849,7);

-- ---------------------------------
-- Usuwanie i tworzenie widoków
-- ---------------------------------
IF OBJECT_ID('CharactersW','V') IS NOT NULL
	DROP VIEW CharactersW
GO

CREATE VIEW CharactersW AS (
SELECT 
Name = Name,
Class = Class,
Level = Level,
WEAPON = (Select Name FROM Attributes WHERE ID = (SELECT Prefix FROM Prizes Where ID = WEAPON)) + ' ' +(Select Name FROM BaseItems WHERE ID = (SELECT Namee FROM Prizes Where ID = WEAPON)) + ' ' + (Select Name FROM Attributes WHERE ID = (SELECT Suffix FROM Prizes Where ID = WEAPON)) + ' (lvl ' + CAST((Select [Item Level] FROM Prizes WHERE ID = WEAPON) as varchar(3)) + ')',
OFFHAND = (Select Name FROM Attributes WHERE ID = (SELECT Prefix FROM Prizes Where ID = OFFHAND)) + ' ' +(Select Name FROM BaseItems WHERE ID = (SELECT Namee FROM Prizes Where ID = OFFHAND)) + ' ' + (Select Name FROM Attributes WHERE ID = (SELECT Suffix FROM Prizes Where ID = OFFHAND)) + ' (lvl ' + CAST((Select [Item Level] FROM Prizes WHERE ID = OFFHAND) as varchar(3)) + ')',
HEAD = (Select Name FROM Attributes WHERE ID = (SELECT Prefix FROM Prizes Where ID = HEAD)) + ' ' +(Select Name FROM BaseItems WHERE ID = (SELECT Namee FROM Prizes Where ID = HEAD)) + ' ' + (Select Name FROM Attributes WHERE ID = (SELECT Suffix FROM Prizes Where ID = HEAD)) + ' (lvl ' + CAST((Select [Item Level] FROM Prizes WHERE ID = HEAD) as varchar(3)) + ')',
SHOULDERS = (Select Name FROM Attributes WHERE ID = (SELECT Prefix FROM Prizes Where ID = SHOULDERS)) + ' ' +(Select Name FROM BaseItems WHERE ID = (SELECT Namee FROM Prizes Where ID = SHOULDERS)) + ' ' + (Select Name FROM Attributes WHERE ID = (SELECT Suffix FROM Prizes Where ID = SHOULDERS)) + ' (lvl ' + CAST((Select [Item Level] FROM Prizes WHERE ID = SHOULDERS) as varchar(3)) + ')',
CHEST = (Select Name FROM Attributes WHERE ID = (SELECT Prefix FROM Prizes Where ID = CHEST)) + ' ' +(Select Name FROM BaseItems WHERE ID = (SELECT Namee FROM Prizes Where ID = CHEST)) + ' ' + (Select Name FROM Attributes WHERE ID = (SELECT Suffix FROM Prizes Where ID = CHEST)) + ' (lvl ' + CAST((Select [Item Level] FROM Prizes WHERE ID = CHEST) as varchar(3)) + ')',
HANDS = (Select Name FROM Attributes WHERE ID = (SELECT Prefix FROM Prizes Where ID = HANDS)) + ' ' +(Select Name FROM BaseItems WHERE ID = (SELECT Namee FROM Prizes Where ID = HANDS)) + ' ' + (Select Name FROM Attributes WHERE ID = (SELECT Suffix FROM Prizes Where ID = HANDS)) + ' (lvl ' + CAST((Select [Item Level] FROM Prizes WHERE ID = HANDS) as varchar(3)) + ')',
FEET = (Select Name FROM Attributes WHERE ID = (SELECT Prefix FROM Prizes Where ID = FEET)) + ' ' +(Select Name FROM BaseItems WHERE ID = (SELECT Namee FROM Prizes Where ID = FEET)) + ' ' + (Select Name FROM Attributes WHERE ID = (SELECT Suffix FROM Prizes Where ID = FEET)) + ' (lvl ' + CAST((Select [Item Level] FROM Prizes WHERE ID = FEET) as varchar(3)) + ')',
LEGS = (Select Name FROM Attributes WHERE ID = (SELECT Prefix FROM Prizes Where ID = LEGS)) + ' ' +(Select Name FROM BaseItems WHERE ID = (SELECT Namee FROM Prizes Where ID = LEGS)) + ' ' + (Select Name FROM Attributes WHERE ID = (SELECT Suffix FROM Prizes Where ID = LEGS)) + ' (lvl ' + CAST((Select [Item Level] FROM Prizes WHERE ID = LEGS) as varchar(3)) + ')'
FROM Characters
)
GO

IF OBJECT_ID('PrizesW','V') IS NOT NULL
	DROP VIEW PrizesW
GO

CREATE VIEW PrizesW AS (
SELECT 
ID = ID,
Name = (Select Name FROM Attributes WHERE ID = Prefix) + ' ' + (Select Name FROM BaseItems WHERE ID = Namee) + ' ' + (Select Name FROM Attributes WHERE ID = Suffix),
Level = [Item Level],
Slot = Slot,
Attributes = (select CAST((Base*(0.948+0.052*[Item Level])) as varchar(10)) + Descr + '; ' FROM Attributes WHERE Name=(Select Name from Attributes Where ID = Prefix) ORDER BY NEWID() FOR XML PATH('')) + (select CAST((Base*(0.948+0.052*[Item Level])) as varchar(10)) + Descr + '; ' FROM Attributes WHERE Name=(Select Name from Attributes Where ID = Suffix) ORDER BY NEWID() FOR XML PATH(''))
FROM Prizes
)
GO

-- ---------------------------------
-- Tworzenie procedur
-- ---------------------------------
IF OBJECT_ID('Kills','P') IS NOT NULL
	DROP PROCEDURE Kills
GO

CREATE PROCEDURE Kills @Character INT AS
	Select Faction, Sum(Goal) as [Total Kills] FROM (SELECT Assigned, Goal, Name, Faction, Type FROM Bounties B JOIN Monsters M ON B.Enemy = M.Name) P WHERE P.Assigned = @Character GROUP BY Faction --and Faction = 'Undead'--and Type = 'Common'
GO

IF OBJECT_ID('Attacks','P') IS NOT NULL
	DROP PROCEDURE Attacks
GO

CREATE PROCEDURE Attacks @Faction varchar(20) AS
	Select (Select Name FROM Characters WHERE ID = Assigned) as Character, Count(*) as Attacks FROM (SELECT Goal, Assigned, Name, Faction, Type FROM Bounties B JOIN Monsters M ON B.Enemy = M.Name) P WHERE P.Faction = @Faction GROUP BY Assigned --and Faction = 'Undead' and Type = 'Common'
GO

IF OBJECT_ID('Inventory','P') IS NOT NULL
	DROP PROCEDURE Inventory
GO

CREATE PROCEDURE Inventory @CharacterID INT AS
	Select ((Select Name FROM Attributes WHERE ID = Prefix) + ' ' + (Select Name FROM BaseItems WHERE ID = Namee) + ' ' + (Select Name FROM Attributes WHERE ID = Suffix)) as Name, [Item Level], Slot From Prizes Where Owner = @CharacterID ORDER BY [Item Level] DESC
GO

IF OBJECT_ID('BestItem','P') IS NOT NULL
	DROP PROCEDURE BestItem
GO

CREATE PROCEDURE BestItem @CharacterID INT, @Slot as varchar(20) AS
	Select TOP 1 ((Select Name FROM Attributes WHERE ID = Prefix) + ' ' + (Select Name FROM BaseItems WHERE ID = Namee) + ' ' + (Select Name FROM Attributes WHERE ID = Suffix)) as Name, [Item Level] From Prizes WHERE OWNER = @CharacterID and Slot = @Slot ORDER BY [Item Level] DESC
GO

PRINT 'Ilosc pokonanych przeciwnikow z poszczegolnych frakcji przez konkretnego Gracza'
EXECUTE Kills 4

PRINT 'Ilosc atakow na frakcje przez poszczegolnych Graczy'
Execute Attacks 'Beasts'

PRINT 'Ekwipunek danej postaci'
Execute Inventory 4 

PRINT 'Najlepszy przedmiot postaci w danym slocie'
EXECUTE BestItem 4, 'CHEST'

PRINT '10 Najczesciej pokonywanych przeciwnikow'
Select TOP 10 Enemy, Sum(Goal) as Deaths FROM Bounties GROUP BY ENEMY ORDER BY Deaths DESC

PRINT '10 Najczesciej wykonywanych misji'
Select TOP 10 Enemy, Count(*) as Missions FROM Bounties GROUP BY ENEMY ORDER BY Missions DESC

PRINT 'Sredni poziom przedmiotow posiadanych przez Graczy'
SELECT (Select Level FROM Characters WHERE ID = Owner) as Level, (Select Name FROM Characters WHERE ID = Owner) as Character, Avg([Item Level]) as [Avg iLvl] FROM Bounties B JOIN Prizes P ON B.Prize = P.ID GROUP BY Owner ORDER BY [Avg iLvl] DESC

Print 'Ilosc wszystkich pokonanych przeciwnikow przez poszczegolnych graczy'
Select (Select Level FROM Characters WHERE ID = Assigned) as Level, (Select Name FROM Characters WHERE ID = Assigned) as Character, SUM(Goal) as [Total Kills] FROM Bounties GROUP BY Assigned ORDER BY [Total Kills] DESC
-- ---------------------------------------------
-- Usuniêcie bazy
-- ---------------------------------------------
USE master
GO

IF DB_ID('DDSession') IS NOT NULL
DROP DATABASE DDSession
GO